Date,Close,signal
2005-01-04,21.909631729125977,0.0
2005-01-05,22.008649826049805,0.0
2005-01-06,21.971515655517578,0.0
2005-01-07,22.002471923828125,0.0
2005-01-10,21.915821075439453,0.0
2005-01-11,21.711570739746094,0.0
2005-01-12,22.008649826049805,0.0
2005-01-13,21.723953247070312,0.0
2005-01-14,22.058164596557617,0.0
2005-01-18,22.32430076599121,0.0
2005-01-19,21.74871253967285,0.0
2005-01-20,21.445444107055664,0.0
2005-01-21,21.33403778076172,0.0
2005-01-24,21.07408332824707,0.0
2005-01-25,21.22881317138672,0.0
2005-01-26,21.58778953552246,0.0
2005-01-27,21.556838989257812,0.0
2005-01-28,21.50113868713379,0.0
2005-01-31,22.212890625,0.0
2005-02-01,22.274784088134766,1.0
2005-02-02,22.287179946899414,0.0
2005-02-03,21.81060028076172,0.0
2005-02-04,23.221731185913086,0.0
2005-02-07,23.221731185913086,0.0
2005-02-08,23.53118324279785,0.0
2005-02-09,23.011310577392578,0.0
2005-02-10,22.7946720123291,0.0
2005-02-11,23.54975128173828,0.0
2005-02-14,23.27122688293457,0.0
2005-02-15,23.097946166992188,0.0
2005-02-16,22.98035430908203,0.0
2005-02-17,22.714218139648438,0.0
2005-02-18,22.466650009155273,0.0
2005-02-22,22.590442657470703,0.0
2005-02-23,22.683429718017578,0.0
2005-02-24,23.13597297668457,0.0
2005-02-25,23.24757194519043,0.0
2005-02-28,22.764007568359375,1.0
2005-03-01,23.55753517150879,0.0
2005-03-02,23.377756118774414,1.0
2005-03-03,22.894208908081055,0.0
2005-03-04,23.011981964111328,0.0
2005-03-07,22.968597412109375,0.0
2005-03-08,22.90660285949707,0.0
2005-03-09,22.88800621032715,0.0
2005-03-10,23.464548110961914,0.0
2005-03-11,23.01818084716797,0.0
2005-03-14,23.067787170410156,0.0
2005-03-15,22.671022415161133,0.0
2005-03-16,22.2680721282959,0.0
2005-03-17,22.330062866210938,0.0
2005-03-18,22.212270736694336,0.0
2005-03-21,22.13788414001465,0.0
2005-03-22,22.212270736694336,0.0
2005-03-23,22.460243225097656,0.0
2005-03-24,22.193693161010742,0.0
2005-03-28,22.10687255859375,0.0
2005-03-29,21.772119522094727,0.0
2005-03-30,22.522241592407227,0.0
2005-03-31,22.40445327758789,0.0
2005-04-01,22.13788414001465,0.0
2005-04-04,22.06968116760254,0.0
2005-04-05,21.889911651611328,0.0
2005-04-06,21.9518985748291,0.0
2005-04-07,22.373455047607422,0.0
2005-04-08,22.11307716369629,0.0
2005-04-11,21.908496856689453,0.0
2005-04-12,21.65432357788086,0.0
2005-04-13,21.13979148864746,0.0
2005-04-14,20.860816955566406,0.0
2005-04-15,20.358673095703125,0.0
2005-04-18,20.6810302734375,0.0
2005-04-19,20.98480224609375,0.0
2005-04-20,20.718236923217773,0.0
2005-04-21,21.294771194458008,0.0
2005-04-22,20.953815460205078,0.0
2005-04-25,20.891807556152344,0.0
2005-04-26,20.78021812438965,0.0
2005-04-27,20.6810302734375,0.0
2005-04-28,20.78021812438965,0.0
2005-04-29,21.145994186401367,0.0
2005-05-02,20.98480224609375,1.0
2005-05-03,20.87321662902832,0.0
2005-05-04,21.424957275390625,0.0
2005-05-05,21.462148666381836,0.0
2005-05-06,21.462148666381836,0.0
2005-05-09,21.418760299682617,0.0
2005-05-10,21.158382415771484,0.0
2005-05-11,21.1149845123291,0.0
2005-05-12,21.26997947692871,0.0
2005-05-13,22.001493453979492,0.0
2005-05-16,22.578039169311523,0.0
2005-05-17,22.751617431640625,0.0
2005-05-18,22.85080909729004,0.0
2005-05-19,22.86941146850586,0.0
2005-05-20,22.987192153930664,0.0
2005-05-23,22.646215438842773,0.0
2005-05-24,22.844614028930664,0.0
2005-05-25,22.55866050720215,0.0
2005-05-26,22.99379539489746,0.0
2005-05-27,22.807315826416016,0.0
2005-05-31,23.049741744995117,0.0
2005-06-01,23.024877548217773,0.0
2005-06-02,23.56569480895996,0.0
2005-06-03,23.547035217285156,0.0
2005-06-06,23.491106033325195,0.0
2005-06-07,23.292179107666016,0.0
2005-06-08,23.460018157958984,0.0
2005-06-09,24.013256072998047,0.0
2005-06-10,23.671363830566406,0.0
2005-06-13,23.590547561645508,0.0
2005-06-14,23.341901779174805,0.0
2005-06-15,23.534608840942383,0.0
2005-06-16,23.90757942199707,0.0
2005-06-17,23.777050018310547,0.0
2005-06-20,23.56569480895996,0.0
2005-06-21,23.540809631347656,0.0
2005-06-22,23.72109603881836,0.0
2005-06-23,24.01947593688965,0.0
2005-06-24,23.596771240234375,0.0
2005-06-27,23.17406463623047,0.0
2005-06-28,23.422712326049805,0.0
2005-06-29,23.2548828125,0.0
2005-06-30,23.19270896911621,0.0
2005-07-01,23.20515251159668,0.0
2005-07-05,23.354337692260742,0.0
2005-07-06,23.90757942199707,0.0
2005-07-07,24.417312622070312,0.0
2005-07-08,24.547855377197266,1.0
2005-07-11,25.09486198425293,0.0
2005-07-12,25.23786163330078,0.0
2005-07-13,25.17569351196289,0.0
2005-07-14,25.42433738708496,0.0
2005-07-15,25.144611358642578,0.0
2005-07-18,25.01405906677246,0.0
2005-07-19,25.455425262451172,0.0
2005-07-20,25.6854248046875,0.0
2005-07-21,25.39948272705078,0.0
2005-07-22,25.306230545043945,0.0
2005-07-25,25.181901931762695,0.0
2005-07-26,25.23786163330078,0.0
2005-07-27,24.84623146057129,0.0
2005-07-28,24.81515121459961,0.0
2005-07-29,24.367589950561523,0.0
2005-08-01,24.280548095703125,0.0
2005-08-02,25.312435150146484,0.0
2005-08-03,23.982177734375,0.0
2005-08-04,23.397851943969727,0.0
2005-08-05,23.093252182006836,0.0
2005-08-08,23.242446899414062,0.0
2005-08-09,23.310823440551758,0.0
2005-08-10,23.068401336669922,0.0
2005-08-11,23.882719039916992,0.0
2005-08-12,23.155418395996094,0.0
2005-08-15,23.354337692260742,0.0
2005-08-16,23.012447357177734,0.0
2005-08-17,23.024877548217773,0.0
2005-08-18,22.6892032623291,0.0
2005-08-19,22.52758026123047,0.0
2005-08-22,22.857046127319336,0.0
2005-08-23,22.738935470581055,0.0
2005-08-24,22.545692443847656,0.0
2005-08-25,22.53946304321289,0.0
2005-08-26,22.153003692626953,0.0
2005-08-29,22.533226013183594,0.0
2005-08-30,22.202878952026367,0.0
2005-08-31,22.720218658447266,0.0
2005-09-01,22.56439208984375,0.0
2005-09-02,22.79502296447754,1.0
2005-09-06,23.193960189819336,0.0
2005-09-07,22.98826026916504,0.0
2005-09-08,23.343564987182617,0.0
2005-09-09,23.910781860351562,0.0
2005-09-12,23.879619598388672,0.0
2005-09-13,23.904550552368164,0.0
2005-09-14,23.779891967773438,0.0
2005-09-15,23.655214309692383,0.0
2005-09-16,23.59288215637207,0.0
2005-09-19,23.106693267822266,0.0
2005-09-20,22.89476203918457,0.0
2005-09-21,22.545692443847656,0.0
2005-09-22,22.533226013183594,0.0
2005-09-23,22.533226013183594,0.0
2005-09-26,22.495830535888672,0.0
2005-09-27,22.25273323059082,0.0
2005-09-28,22.383638381958008,0.0
2005-09-29,22.7139949798584,0.0
2005-09-30,23.15032386779785,0.0
2005-10-03,23.287466049194336,0.0
2005-10-04,22.91969871520996,1.0
2005-10-05,22.134300231933594,0.0
2005-10-06,21.461116790771484,0.0
2005-10-07,21.486042022705078,0.0
2005-10-10,20.58222198486328,0.0
2005-10-11,20.245624542236328,0.0
2005-10-12,20.54482078552246,0.0
2005-10-13,20.57599449157715,0.0
2005-10-14,20.80662727355957,0.0
2005-10-17,20.569759368896484,0.0
2005-10-18,20.57599449157715,0.0
2005-10-19,20.688188552856445,0.0
2005-10-20,21.99094009399414,0.0
2005-10-21,21.98470687866211,1.0
2005-10-24,21.78523826599121,0.0
2005-10-25,21.560848236083984,0.0
2005-10-26,21.5234432220459,0.0
2005-10-27,21.074655532836914,0.0
2005-10-28,21.573312759399414,0.0
2005-10-31,21.679271697998047,0.0
2005-11-01,21.504749298095703,0.0
2005-11-02,22.084442138671875,0.0
2005-11-03,22.520769119262695,0.0
2005-11-04,22.56439208984375,0.0
2005-11-07,22.832429885864258,0.0
2005-11-08,22.5020694732666,0.0
2005-11-09,22.59556007385254,0.0
2005-11-10,23.056827545166016,0.0
2005-11-11,23.31239128112793,0.0
2005-11-14,23.511850357055664,0.0
2005-11-15,23.119155883789062,0.0
2005-11-16,22.695302963256836,0.0
2005-11-17,23.03812599182129,0.0
2005-11-18,23.231365203857422,0.0
2005-11-21,23.49315071105957,0.0
2005-11-22,23.74940299987793,0.0
2005-11-23,23.5869083404541,0.0
2005-11-25,23.761903762817383,0.0
2005-11-28,23.243154525756836,0.0
2005-11-29,23.286911010742188,0.0
2005-11-30,23.699403762817383,0.0
2005-12-01,24.530628204345703,0.0
2005-12-02,24.836881637573242,0.0
2005-12-05,24.47437858581543,0.0
2005-12-06,24.649377822875977,0.0
2005-12-07,24.468135833740234,0.0
2005-12-08,23.949398040771484,0.0
2005-12-09,24.024389266967773,0.0
2005-12-12,24.018136978149414,0.0
2005-12-13,24.243139266967773,0.0
2005-12-14,23.911884307861328,0.0
2005-12-15,23.724395751953125,0.0
2005-12-16,23.561893463134766,0.0
2005-12-19,22.986919403076172,0.0
2005-12-20,22.811920166015625,0.0
2005-12-21,22.874418258666992,0.0
2005-12-22,23.01192283630371,0.0
2005-12-23,23.13066864013672,0.0
2005-12-27,22.674428939819336,0.0
2005-12-28,22.818174362182617,0.0
2005-12-29,22.636932373046875,0.0
2005-12-30,22.418188095092773,0.0
2006-01-03,22.936922073364258,0.0
2006-01-04,23.149417877197266,0.0
2006-01-05,23.88690757751465,0.0
2006-01-06,23.980648040771484,0.0
2006-01-09,24.318130493164062,1.0
2006-01-10,24.318130493164062,0.0
2006-01-11,24.436885833740234,0.0
2006-01-12,24.230636596679688,0.0
2006-01-13,24.386878967285156,0.0
2006-01-17,23.636905670166016,0.0
2006-01-18,23.53065299987793,0.0
2006-01-19,24.199392318725586,0.0
2006-01-20,23.605653762817383,0.0
2006-01-23,23.668140411376953,0.0
2006-01-24,24.118146896362305,0.0
2006-01-25,24.33063316345215,1.0
2006-01-26,24.84937286376953,0.0
2006-01-27,24.793127059936523,0.0
2006-01-30,24.999372482299805,0.0
2006-01-31,24.855621337890625,0.0
2006-02-01,25.205615997314453,0.0
2006-02-02,24.999372482299805,0.0
2006-02-03,24.855621337890625,0.0
2006-02-06,25.111860275268555,0.0
2006-02-07,25.23686408996582,0.0
2006-02-08,25.561853408813477,0.0
2006-02-09,25.568092346191406,0.0
2006-02-10,24.536869049072266,0.0
2006-02-13,24.593130111694336,0.0
2006-02-14,24.886873245239258,0.0
2006-02-15,24.268146514892578,0.0
2006-02-16,24.736867904663086,0.0
2006-02-17,24.243139266967773,0.0
2006-02-21,23.67439842224121,0.0
2006-02-22,23.875028610229492,0.0
2006-02-23,23.95653533935547,0.0
2006-02-24,24.05059242248535,0.0
2006-02-27,24.11954116821289,0.0
2006-02-28,23.91264533996582,0.0
2006-03-01,24.57724380493164,0.0
2006-03-02,24.395410537719727,0.0
2006-03-03,24.15089225769043,0.0
2006-03-06,24.270021438598633,0.0
2006-03-07,23.674400329589844,0.0
2006-03-08,23.74964141845703,0.0
2006-03-09,23.310760498046875,0.0
2006-03-10,23.103862762451172,0.0
2006-03-13,23.16028594970703,0.0
2006-03-14,23.580350875854492,0.0
2006-03-15,23.81859588623047,0.0
2006-03-16,23.342103958129883,0.0
2006-03-17,23.342103958129883,0.0
2006-03-20,23.51766014099121,0.0
2006-03-21,23.26060676574707,0.0
2006-03-22,23.611705780029297,0.0
2006-03-23,23.718284606933594,0.0
2006-03-24,23.875028610229492,1.0
2006-03-27,23.680667877197266,0.0
2006-03-28,23.235525131225586,0.0
2006-03-29,23.63051414489746,0.0
2006-03-30,24.01296615600586,0.0
2006-03-31,24.0067081451416,0.0
2006-04-03,24.05059242248535,0.0
2006-04-04,23.950267791748047,0.0
2006-04-05,24.395410537719727,0.0
2006-04-06,24.596044540405273,0.0
2006-04-07,24.11954116821289,0.0
2006-04-10,23.881301879882812,0.0
2006-04-11,23.655595779418945,0.0
2006-04-12,23.806068420410156,0.0
2006-04-13,23.91264533996582,0.0
2006-04-17,23.51766014099121,0.0
2006-04-18,24.28883171081543,0.0
2006-04-19,24.451847076416016,1.0
2006-04-20,24.50200843811035,0.0
2006-04-21,24.10701560974121,0.0
2006-04-24,24.069381713867188,0.0
2006-04-25,23.762178421020508,0.0
2006-04-26,23.63677215576172,0.0
2006-04-27,23.71202278137207,0.0
2006-04-28,23.774721145629883,0.0
2006-05-01,23.285680770874023,0.0
2006-05-02,22.953384399414062,0.0
2006-05-03,22.947114944458008,0.0
2006-05-04,23.07876968383789,0.0
2006-05-05,22.458078384399414,0.0
2006-05-08,22.6210880279541,0.0
2006-05-09,22.36402702331543,0.0
2006-05-10,22.11952018737793,0.0
2006-05-11,21.743330001831055,0.0
2006-05-12,22.58974266052246,0.0
2006-05-15,22.721403121948242,0.0
2006-05-16,22.29507064819336,0.0
2006-05-17,22.4455509185791,0.0
2006-05-18,21.88753318786621,0.0
2006-05-19,22.15085792541504,0.0
2006-05-22,21.74959945678711,0.0
2006-05-23,21.091283798217773,0.0
2006-05-24,21.03458023071289,0.0
2006-05-25,21.122783660888672,0.0
2006-05-26,21.292871475219727,0.0
2006-05-30,21.179475784301758,0.0
2006-05-31,21.2487735748291,0.0
2006-06-01,21.513364791870117,0.0
2006-06-02,21.696048736572266,0.0
2006-06-05,20.700702667236328,1.0
2006-06-06,20.57470703125,0.0
2006-06-07,20.31012535095215,0.0
2006-06-08,20.404617309570312,0.0
2006-06-09,20.44241714477539,0.0
2006-06-12,20.15892791748047,0.0
2006-06-13,20.209331512451172,0.0
2006-06-14,20.410919189453125,0.0
2006-06-15,21.028287887573242,0.0
2006-06-16,20.78260040283203,1.0
2006-06-19,20.44241714477539,0.0
2006-06-20,20.36051368713379,0.0
2006-06-21,20.801504135131836,0.0
2006-06-22,20.221933364868164,0.0
2006-06-23,19.93844985961914,0.0
2006-06-26,19.83135414123535,0.0
2006-06-27,19.692760467529297,0.0
2006-06-28,19.85654640197754,0.0
2006-06-29,20.385725021362305,0.0
2006-06-30,20.247127532958984,1.0
2006-07-03,20.473909378051758,0.0
2006-07-05,20.051841735839844,0.0
2006-07-06,19.73685646057129,0.0
2006-07-07,19.45966911315918,0.0
2006-07-10,19.27698516845703,0.0
2006-07-11,19.95734214782715,0.0
2006-07-12,19.62346649169922,1.0
2006-07-13,19.642362594604492,0.0
2006-07-14,19.75575065612793,0.0
2006-07-17,19.869150161743164,0.0
2006-07-18,19.850255966186523,0.0
2006-07-19,20.146337509155273,0.0
2006-07-20,19.566762924194336,0.0
2006-07-21,19.006099700927734,0.0
2006-07-24,19.465970993041992,0.0
2006-07-25,19.56046485900879,0.0
2006-07-26,19.503765106201172,0.0
2006-07-27,19.661256790161133,0.0
2006-07-28,20.316421508789062,0.0
2006-07-31,20.366825103759766,0.0
2006-08-01,19.913244247436523,0.0
2006-08-02,19.869150161743164,0.0
2006-08-03,20.36051368713379,0.0
2006-08-04,20.373123168945312,0.0
2006-08-07,20.31012535095215,0.0
2006-08-08,20.322717666625977,0.0
2006-08-09,20.316421508789062,0.0
2006-08-10,20.095945358276367,0.0
2006-08-11,16.839008331298828,0.0
2006-08-14,17.38077735900879,0.0
2006-08-15,17.53826332092285,0.0
2006-08-16,17.60756492614746,0.0
2006-08-17,17.70206069946289,0.0
2006-08-18,17.783958435058594,0.0
2006-08-21,17.273681640625,0.0
2006-08-22,17.405977249145508,0.0
2006-08-23,17.87487030029297,0.0
2006-08-24,18.35009765625,0.0
2006-08-25,18.1409969329834,0.0
2006-08-28,19.015419006347656,0.0
2006-08-29,19.306886672973633,1.0
2006-08-30,19.370248794555664,0.0
2006-08-31,19.41460609436035,0.0
2006-09-01,19.180158615112305,0.0
2006-09-05,19.27520751953125,0.0
2006-09-06,19.110456466674805,0.0
2006-09-07,18.565532684326172,0.0
2006-09-08,18.774629592895508,0.0
2006-09-11,19.306886672973633,0.0
2006-09-12,19.763103485107422,0.0
2006-09-13,19.731426239013672,0.0
2006-09-14,19.76944351196289,0.0
2006-09-15,19.801130294799805,0.0
2006-09-18,19.775775909423828,0.0
2006-09-19,19.39559555053711,0.0
2006-09-20,19.598358154296875,0.0
2006-09-21,19.085119247436523,0.0
2006-09-22,18.83165740966797,0.0
2006-09-25,19.110456466674805,0.0
2006-09-26,19.021751403808594,0.0
2006-09-27,18.79998207092285,0.0
2006-09-28,18.81898307800293,0.0
2006-09-29,18.6225528717041,0.0
2006-10-02,18.57820701599121,0.0
2006-10-03,18.464149475097656,0.0
2006-10-04,18.774629592895508,0.0
2006-10-05,18.70492935180664,0.0
2006-10-06,19.053434371948242,0.0
2006-10-09,19.313228607177734,0.0
2006-10-10,19.0407657623291,1.0
2006-10-11,18.907695770263672,0.0
2006-10-12,19.180158615112305,0.0
2006-10-13,19.36391258239746,0.0
2006-10-16,19.69974136352539,0.0
2006-10-17,19.509653091430664,0.0
2006-10-18,18.80631446838379,0.0
2006-10-19,18.774629592895508,0.0
2006-10-20,18.85700798034668,0.0
2006-10-23,19.015419006347656,0.0
2006-10-24,18.793638229370117,0.0
2006-10-25,19.984878540039062,0.0
2006-10-26,19.972206115722656,1.0
2006-10-27,19.725086212158203,0.0
2006-10-30,19.96587562561035,0.0
2006-10-31,20.162303924560547,0.0
2006-11-01,20.0672550201416,0.0
2006-11-02,20.016559600830078,0.0
2006-11-03,19.78211784362793,0.0
2006-11-06,20.168636322021484,0.0
2006-11-07,20.548812866210938,0.0
2006-11-08,20.498123168945312,0.0
2006-11-09,20.143281936645508,0.0
2006-11-10,20.352394104003906,0.0
2006-11-13,20.40308380126953,0.0
2006-11-14,20.928997039794922,0.0
2006-11-15,21.26482582092285,0.0
2006-11-16,21.423233032226562,0.0
2006-11-17,21.334522247314453,0.0
2006-11-20,21.35986328125,0.0
2006-11-21,21.067007064819336,0.0
2006-11-22,21.41080665588379,0.0
2006-11-24,21.38533592224121,0.0
2006-11-27,20.84418296813965,0.0
2006-11-28,20.67864418029785,0.0
2006-11-29,20.53221893310547,0.0
2006-11-30,20.704111099243164,0.0
2006-12-01,20.767778396606445,0.0
2006-12-04,21.15613555908203,0.0
2006-12-05,21.39170265197754,0.0
2006-12-06,21.37259864807129,0.0
2006-12-07,21.04790496826172,0.0
2006-12-08,21.086109161376953,0.0
2006-12-11,20.92694091796875,0.0
2006-12-12,20.83144187927246,0.0
2006-12-13,20.685012817382812,0.0
2006-12-14,20.77414894104004,0.0
2006-12-15,20.748668670654297,0.0
2006-12-18,20.920570373535156,0.0
2006-12-19,20.748668670654297,0.0
2006-12-20,21.060640335083008,0.0
2006-12-21,20.876007080078125,0.0
2006-12-22,20.50038719177246,0.0
2006-12-26,20.614978790283203,0.0
2006-12-27,20.84418296813965,0.0
2006-12-28,20.869638442993164,0.0
2006-12-29,20.92694091796875,0.0
2007-01-03,20.907848358154297,0.0
2007-01-04,21.270736694335938,0.0
2007-01-05,21.028806686401367,1.0
2007-01-08,21.1943359375,0.0
2007-01-09,21.16250228881836,0.0
2007-01-10,21.531768798828125,0.0
2007-01-11,21.576330184936523,0.0
2007-01-12,21.608163833618164,0.0
2007-01-16,21.49992561340332,0.0
2007-01-17,21.15613555908203,0.0
2007-01-18,20.812341690063477,0.0
2007-01-19,20.876007080078125,0.0
2007-01-22,20.608612060546875,0.0
2007-01-23,20.767778396606445,0.0
2007-01-24,21.00971031188965,0.0
2007-01-25,21.035175323486328,0.0
2007-01-26,21.21343421936035,0.0
2007-01-29,20.93967628479004,0.0
2007-01-30,20.90147590637207,0.0
2007-01-31,20.85054588317871,0.0
2007-02-01,21.073368072509766,0.0
2007-02-02,21.22617530822754,0.0
2007-02-05,21.130672454833984,0.0
2007-02-06,20.97787094116211,1.0
2007-02-07,21.16250228881836,0.0
2007-02-08,21.20070457458496,1.0
2007-02-09,21.073368072509766,0.0
2007-02-12,20.952402114868164,0.0
2007-02-13,21.022436141967773,0.0
2007-02-14,21.283472061157227,0.0
2007-02-15,21.1943359375,1.0
2007-02-16,20.996965408325195,0.0
2007-02-20,20.990602493286133,0.0
2007-02-21,21.21343421936035,0.0
2007-02-22,23.42900848388672,1.0
2007-02-23,23.524497985839844,0.0
2007-02-26,23.2889404296875,0.0
2007-02-27,22.830551147460938,0.0
2007-02-28,23.11705207824707,0.0
2007-03-01,23.015182495117188,0.0
2007-03-02,22.505844116210938,0.0
2007-03-05,22.346691131591797,0.0
2007-03-06,22.843280792236328,0.0
2007-03-07,22.69611167907715,0.0
2007-03-08,22.804889678955078,0.0
2007-03-09,23.220800399780273,0.0
2007-03-12,23.32957649230957,0.0
2007-03-13,22.932863235473633,0.0
2007-03-14,22.65131950378418,0.0
2007-03-15,22.64491844177246,0.0
2007-03-16,22.60654067993164,0.0
2007-03-19,22.734506607055664,0.0
2007-03-20,22.958459854125977,0.0
2007-03-21,23.118425369262695,0.0
2007-03-22,22.6257266998291,0.0
2007-03-23,22.760089874267578,0.0
2007-03-26,22.65771484375,0.0
2007-03-27,22.63212776184082,0.0
2007-03-28,22.1970157623291,0.0
2007-03-29,21.98586654663086,0.0
2007-03-30,22.069032669067383,0.0
2007-04-02,21.98586654663086,0.0
2007-04-03,22.28659439086914,0.0
2007-04-04,22.63212776184082,0.0
2007-04-05,23.118425369262695,0.0
2007-04-09,23.13761329650879,0.0
2007-04-10,23.412761688232422,1.0
2007-04-11,23.009654998779297,0.0
2007-04-12,23.188812255859375,0.0
2007-04-13,23.09282684326172,0.0
2007-04-16,23.534343719482422,0.0
2007-04-17,23.18241310119629,0.0
2007-04-18,24.206199645996094,0.0
2007-04-19,24.60291290283203,0.0
2007-04-20,24.698896408081055,0.0
2007-04-23,24.442951202392578,0.0
2007-04-24,25.575511932373047,0.0
2007-04-25,25.658695220947266,0.0
2007-04-26,25.498741149902344,0.0
2007-04-27,25.057222366333008,0.0
2007-04-30,24.71169090270996,0.0
2007-05-01,24.890857696533203,0.0
2007-05-02,25.114805221557617,0.0
2007-05-03,25.447538375854492,0.0
2007-05-04,25.46033477783203,0.0
2007-05-07,25.64590072631836,0.0
2007-05-08,25.4283447265625,0.0
2007-05-09,25.953027725219727,0.0
2007-05-10,25.402753829956055,0.0
2007-05-11,25.946643829345703,0.0
2007-05-14,25.498741149902344,1.0
2007-05-15,25.03802490234375,0.0
2007-05-16,25.421955108642578,0.0
2007-05-17,25.72269058227539,0.0
2007-05-18,25.690690994262695,0.0
2007-05-21,25.684295654296875,0.0
2007-05-22,25.86345100402832,0.0
2007-05-23,23.284788131713867,0.0
2007-05-24,22.64491844177246,0.0
2007-05-25,22.824081420898438,0.0
2007-05-29,23.291187286376953,0.0
2007-05-30,22.956804275512695,0.0
2007-05-31,23.284757614135742,0.0
2007-06-01,23.56769371032715,0.0
2007-06-04,23.6191463470459,0.0
2007-06-05,23.72203254699707,0.0
2007-06-06,23.52910614013672,0.0
2007-06-07,22.873205184936523,0.0
2007-06-08,23.387643814086914,0.0
2007-06-11,23.21402359008789,0.0
2007-06-12,23.033973693847656,0.0
2007-06-13,23.599855422973633,0.0
2007-06-14,24.088571548461914,0.0
2007-06-15,24.21074867248535,1.0
2007-06-18,24.230045318603516,0.0
2007-06-19,24.133586883544922,0.0
2007-06-20,23.85063362121582,0.0
2007-06-21,24.77019691467285,0.0
2007-06-22,23.85063362121582,0.0
2007-06-25,23.95994758605957,0.0
2007-06-26,23.947093963623047,0.0
2007-06-27,24.493680953979492,0.0
2007-06-28,24.268617630004883,0.0
2007-06-29,24.204317092895508,0.0
2007-07-02,24.699462890625,0.0
2007-07-03,24.52583885192871,0.0
2007-07-05,24.82163429260254,0.0
2007-07-06,25.123863220214844,0.0
2007-07-09,25.11744499206543,0.0
2007-07-10,25.078857421875,0.0
2007-07-11,25.098148345947266,0.0
2007-07-12,25.60617446899414,0.0
2007-07-13,25.483983993530273,0.0
2007-07-16,25.24604606628418,0.0
2007-07-17,25.078857421875,0.0
2007-07-18,24.783056259155273,0.0
2007-07-19,24.699462890625,0.0
2007-07-20,24.4808292388916,0.0
2007-07-23,24.326488494873047,0.0
2007-07-24,23.664155960083008,0.0
2007-07-25,23.709171295166016,0.0
2007-07-26,23.181865692138672,0.0
2007-07-27,22.8796443939209,0.0
2007-07-30,23.188295364379883,0.0
2007-07-31,22.79604721069336,0.0
2007-08-01,23.323341369628906,0.0
2007-08-02,23.535545349121094,0.0
2007-08-03,22.802474975585938,0.0
2007-08-06,23.56769371032715,0.0
2007-08-07,23.6191463470459,0.0
2007-08-08,24.455097198486328,0.0
2007-08-09,24.313636779785156,1.0
2007-08-10,24.25577163696289,0.0
2007-08-13,24.294340133666992,0.0
2007-08-14,24.04998779296875,0.0
2007-08-15,23.683452606201172,0.0
2007-08-16,24.152875900268555,0.0
2007-08-17,24.28148078918457,0.0
2007-08-20,24.5386905670166,0.0
2007-08-21,24.25577163696289,0.0
2007-08-22,23.709171295166016,0.0
2007-08-23,23.406936645507812,0.0
2007-08-24,23.284757614135742,0.0
2007-08-27,23.4390926361084,0.0
2007-08-28,22.963233947753906,0.0
2007-08-29,23.66770362854004,0.0
2007-08-30,23.603073120117188,0.0
2007-08-31,23.835744857788086,0.0
2007-09-04,24.456209182739258,0.0
2007-09-05,24.087804794311523,1.0
2007-09-06,24.37218475341797,0.0
2007-09-07,23.635387420654297,0.0
2007-09-10,23.732341766357422,0.0
2007-09-11,23.887451171875,0.0
2007-09-12,23.32516098022461,0.0
2007-09-13,23.157127380371094,0.0
2007-09-14,22.730566024780273,0.0
2007-09-17,22.756412506103516,0.0
2007-09-18,23.383331298828125,0.0
2007-09-19,23.415653228759766,0.0
2007-09-20,23.732341766357422,0.0
2007-09-21,23.6547794342041,0.0
2007-09-24,23.706483840942383,1.0
2007-09-25,23.95855140686035,0.0
2007-09-26,23.454423904418945,0.0
2007-09-27,23.564300537109375,0.0
2007-09-28,23.370399475097656,0.0
2007-10-01,23.874521255493164,0.0
2007-10-02,23.50613021850586,0.0
2007-10-03,23.318702697753906,0.0
2007-10-04,23.383331298828125,0.0
2007-10-05,23.628936767578125,0.0
2007-10-08,23.771127700805664,0.0
2007-10-09,23.738807678222656,0.0
2007-10-10,23.59015655517578,0.0
2007-10-11,23.1765193939209,0.0
2007-10-12,23.50613021850586,0.0
2007-10-15,23.32516098022461,0.0
2007-10-16,23.131275177001953,0.0
2007-10-17,23.002010345458984,0.0
2007-10-18,22.976160049438477,0.0
2007-10-19,22.381563186645508,0.0
2007-10-22,22.27168846130371,0.0
2007-10-23,22.00670051574707,0.0
2007-10-24,21.845117568969727,0.0
2007-10-25,21.366863250732422,0.0
2007-10-26,21.347475051879883,0.0
2007-10-29,21.437952041625977,0.0
2007-10-30,21.6383113861084,0.0
2007-10-31,21.625385284423828,0.0
2007-11-01,21.1600341796875,0.0
2007-11-02,21.263444900512695,0.0
2007-11-05,21.618919372558594,0.0
2007-11-06,21.780494689941406,0.0
2007-11-07,21.21174430847168,0.0
2007-11-08,21.140657424926758,0.0
2007-11-09,20.940298080444336,0.0
2007-11-12,20.733482360839844,0.0
2007-11-13,21.315155029296875,0.0
2007-11-14,21.231138229370117,0.0
2007-11-15,21.088960647583008,1.0
2007-11-16,21.07602310180664,0.0
2007-11-19,20.668848037719727,0.0
2007-11-20,20.345691680908203,0.0
2007-11-21,20.06131935119629,0.0
2007-11-23,20.138870239257812,0.0
2007-11-26,19.68647003173828,0.0
2007-11-27,20.17765998840332,0.0
2007-11-28,20.830419540405273,0.0
2007-11-29,20.28753089904785,1.0
2007-11-30,19.893285751342773,0.0
2007-12-03,19.83512306213379,0.0
2007-12-04,19.62183952331543,0.0
2007-12-05,20.356517791748047,0.0
2007-12-06,20.512557983398438,1.0
2007-12-07,20.356517791748047,0.0
2007-12-10,20.655588150024414,0.0
2007-12-11,20.60356903076172,0.0
2007-12-12,20.668596267700195,0.0
2007-12-13,20.818138122558594,0.0
2007-12-14,20.8896427154541,0.0
2007-12-17,20.4150333404541,0.0
2007-12-18,20.4150333404541,0.0
2007-12-19,20.402029037475586,0.0
2007-12-20,20.564563751220703,0.0
2007-12-21,20.7141056060791,0.0
2007-12-24,20.792123794555664,0.0
2007-12-26,20.772621154785156,0.0
2007-12-27,20.343521118164062,0.0
2007-12-28,20.519058227539062,0.0
2007-12-31,20.610074996948242,0.0
2008-01-02,19.745370864868164,0.0
2008-01-03,19.446292877197266,0.0
2008-01-04,18.939167022705078,0.0
2008-01-07,18.698606491088867,0.0
2008-01-08,18.08095359802246,0.0
2008-01-09,17.827396392822266,0.0
2008-01-10,17.98343276977539,0.0
2008-01-11,17.24224853515625,0.0
2008-01-14,17.684350967407227,0.0
2008-01-15,17.203231811523438,0.0
2008-01-16,17.872901916503906,0.0
2008-01-17,17.53481101989746,0.0
2008-01-18,17.905410766601562,0.0
2008-01-22,17.671354293823242,0.0
2008-01-23,18.197980880737305,0.0
2008-01-24,18.802637100219727,1.0
2008-01-25,18.02243995666504,0.0
2008-01-28,18.24349594116211,0.0
2008-01-29,18.334522247314453,0.0
2008-01-30,18.20448875427246,0.0
2008-01-31,18.43854331970215,0.0
2008-02-01,18.919654846191406,0.0
2008-02-04,18.659595489501953,0.0
2008-02-05,17.976926803588867,0.0
2008-02-06,17.79488754272461,0.0
2008-02-07,18.028945922851562,0.0
2008-02-08,18.054956436157227,0.0
2008-02-11,18.36702537536621,0.0
2008-02-12,18.380027770996094,0.0
2008-02-13,18.56207275390625,0.0
2008-02-14,18.419044494628906,0.0
2008-02-15,18.158964157104492,0.0
2008-02-19,17.83389663696289,0.0
2008-02-20,18.02243995666504,0.0
2008-02-21,18.614086151123047,0.0
2008-02-22,18.328014373779297,0.0
2008-02-25,18.458049774169922,0.0
2008-02-26,18.516563415527344,0.0
2008-02-27,18.458049774169922,0.0
2008-02-28,18.171979904174805,0.0
2008-02-29,17.50231170654297,0.0
2008-03-03,17.495803833007812,0.0
2008-03-04,17.762378692626953,0.0
2008-03-05,18.04380226135254,0.0
2008-03-06,17.48749542236328,0.0
2008-03-07,17.912912368774414,0.0
2008-03-10,17.801637649536133,0.0
2008-03-11,18.194324493408203,0.0
2008-03-12,18.220504760742188,1.0
2008-03-13,18.50847053527832,0.0
2008-03-14,18.08306884765625,0.0
2008-03-17,18.279401779174805,0.0
2008-03-18,18.652450561523438,0.0
2008-03-19,17.939083099365234,0.0
2008-03-20,18.554285049438477,0.0
2008-03-24,19.28730010986328,0.0
2008-03-25,19.3134765625,0.0
2008-03-26,19.117128372192383,0.0
2008-03-27,19.084415435791016,0.0
2008-03-28,18.95351219177246,0.0
2008-03-31,19.320026397705078,0.0
2008-04-01,20.03993797302246,0.0
2008-04-02,19.869779586791992,0.0
2008-04-03,20.098840713500977,0.0
2008-04-04,20.072656631469727,0.0
2008-04-07,20.046485900878906,0.0
2008-04-08,19.5687198638916,0.0
2008-04-09,19.64725112915039,0.0
2008-04-10,20.65513801574707,0.0
2008-04-11,19.856691360473633,0.0
2008-04-14,19.535991668701172,0.0
2008-04-15,19.778154373168945,0.0
2008-04-16,20.576608657836914,0.0
2008-04-17,20.373722076416016,1.0
2008-04-18,20.720592498779297,0.0
2008-04-21,21.355438232421875,0.0
2008-04-22,20.511157989501953,0.0
2008-04-23,21.015098571777344,0.0
2008-04-24,21.1787166595459,0.0
2008-04-25,21.074003219604492,0.0
2008-04-28,21.126361846923828,0.0
2008-04-29,21.224533081054688,0.0
2008-04-30,21.080551147460938,0.0
2008-05-01,21.99026870727539,0.0
2008-05-02,21.807010650634766,0.0
2008-05-05,22.01644515991211,0.0
2008-05-06,22.448400497436523,0.0
2008-05-07,22.324050903320312,0.0
2008-05-08,22.075347900390625,0.0
2008-05-09,22.34367561340332,0.0
2008-05-12,22.38294792175293,0.0
2008-05-13,22.553115844726562,0.0
2008-05-14,22.67746925354004,0.0
2008-05-15,23.168319702148438,0.0
2008-05-16,23.20758819580078,0.0
2008-05-19,23.36466407775879,0.0
2008-05-20,22.742919921875,0.0
2008-05-21,21.826658248901367,0.0
2008-05-22,22.127714157104492,0.0
2008-05-23,22.127714157104492,0.0
2008-05-27,22.644742965698242,0.0
2008-05-28,22.59207534790039,0.0
2008-05-29,22.65132713317871,0.0
2008-05-30,23.11211395263672,0.0
2008-06-02,22.954130172729492,0.0
2008-06-03,23.164772033691406,0.0
2008-06-04,23.612407684326172,0.0
2008-06-05,23.717731475830078,0.0
2008-06-06,22.908048629760742,1.0
2008-06-09,22.815895080566406,0.0
2008-06-10,22.3551025390625,0.0
2008-06-11,21.617830276489258,0.0
2008-06-12,21.769227981567383,0.0
2008-06-13,22.33534812927246,0.0
2008-06-16,22.545997619628906,0.0
2008-06-17,22.216856002807617,0.0
2008-06-18,21.584915161132812,0.0
2008-06-19,22.236610412597656,0.0
2008-06-20,21.887718200683594,0.0
2008-06-23,21.61124610900879,0.0
2008-06-24,21.788978576660156,0.0
2008-06-25,22.006208419799805,0.0
2008-06-26,21.064870834350586,0.0
2008-06-27,20.867393493652344,0.0
2008-06-30,20.913469314575195,0.0
2008-07-01,20.880556106567383,0.0
2008-07-02,20.564577102661133,0.0
2008-07-03,20.21569061279297,0.0
2008-07-07,20.35392951965332,0.0
2008-07-08,20.446096420288086,0.0
2008-07-09,19.577167510986328,0.0
2008-07-10,19.814144134521484,0.0
2008-07-11,19.972131729125977,0.0
2008-07-14,19.748315811157227,0.0
2008-07-15,19.95897102355957,0.0
2008-07-16,20.702823638916016,0.0
2008-07-17,20.952966690063477,0.0
2008-07-18,20.83447265625,1.0
2008-07-21,20.577747344970703,0.0
2008-07-22,19.899721145629883,0.0
2008-07-23,20.334186553955078,0.0
2008-07-24,19.74173927307129,0.0
2008-07-25,19.820724487304688,0.0
2008-07-28,19.39284324645996,0.0
2008-07-29,19.72199249267578,0.0
2008-07-30,20.189355850219727,0.0
2008-07-31,20.084035873413086,1.0
2008-08-01,19.87997817993164,0.0
2008-08-04,19.847063064575195,0.0
2008-08-05,20.47242546081543,0.0
2008-08-06,20.729148864746094,0.0
2008-08-07,20.74232292175293,0.0
2008-08-08,21.236021041870117,0.0
2008-08-11,21.525676727294922,0.0
2008-08-12,21.321605682373047,0.0
2008-08-13,21.334766387939453,0.0
2008-08-14,21.630990982055664,0.0
2008-08-15,21.440092086791992,0.0
2008-08-18,21.18336296081543,0.0
2008-08-19,21.15703582763672,0.0
2008-08-20,19.28093910217285,0.0
2008-08-21,18.892560958862305,0.0
2008-08-22,18.984718322753906,0.0
2008-08-25,18.66874122619629,0.0
2008-08-26,18.5173397064209,0.0
2008-08-27,18.689714431762695,0.0
2008-08-28,18.683090209960938,0.0
2008-08-29,18.537233352661133,0.0
2008-09-02,18.291921615600586,0.0
2008-09-03,17.396883010864258,0.0
2008-09-04,17.363737106323242,0.0
2008-09-05,18.232257843017578,0.0
2008-09-08,18.16595458984375,0.0
2008-09-09,17.390256881713867,0.0
2008-09-10,17.50296401977539,0.0
2008-09-11,17.70848846435547,0.0
2008-09-12,17.735010147094727,0.0
2008-09-15,17.390256881713867,0.0
2008-09-16,17.48970603942871,0.0
2008-09-17,16.820085525512695,0.0
2008-09-18,18.484193801879883,0.0
2008-09-19,18.3449649810791,1.0
2008-09-22,17.88086700439453,0.0
2008-09-23,17.63556480407715,0.0
2008-09-24,17.642192840576172,0.0
2008-09-25,17.609045028686523,0.0
2008-09-26,17.814573287963867,0.0
2008-09-29,16.747154235839844,0.0
2008-09-30,17.46980857849121,0.0
2008-10-01,17.350467681884766,0.0
2008-10-02,16.574777603149414,0.0
2008-10-03,16.336097717285156,0.0
2008-10-06,15.699627876281738,0.0
2008-10-07,14.857630729675293,0.0
2008-10-08,15.056525230407715,0.0
2008-10-09,14.665366172790527,0.0
2008-10-10,14.188011169433594,0.0
2008-10-13,15.925044059753418,0.0
2008-10-14,15.096308708190918,0.0
2008-10-15,13.094072341918945,0.0
2008-10-16,13.412306785583496,0.0
2008-10-17,13.3261137008667,0.0
2008-10-20,13.47861099243164,0.0
2008-10-21,13.220046043395996,0.0
2008-10-22,12.948217391967773,0.0
2008-10-23,12.968103408813477,0.0
2008-10-24,12.775839805603027,0.0
2008-10-27,12.822248458862305,0.0
2008-10-28,14.168118476867676,0.0
2008-10-29,13.889664649963379,1.0
2008-10-30,14.221160888671875,0.0
2008-10-31,14.161491394042969,0.0
2008-11-03,14.015630722045898,0.0
2008-11-04,14.718400955200195,0.0
2008-11-05,13.869773864746094,0.0
2008-11-06,13.166998863220215,0.0
2008-11-07,13.591316223144531,0.0
2008-11-10,13.120591163635254,0.0
2008-11-11,13.02114200592041,0.0
2008-11-12,12.749317169189453,0.0
2008-11-13,13.412306785583496,0.0
2008-11-14,12.789100646972656,0.0
2008-11-17,12.464234352111816,0.0
2008-11-18,12.431084632873535,0.0
2008-11-19,11.622236251831055,0.0
2008-11-20,11.231067657470703,0.0
2008-11-21,11.21781063079834,0.0
2008-11-24,12.046548843383789,0.0
2008-11-25,11.237702369689941,0.0
2008-11-26,11.768094062805176,0.0
2008-11-28,11.33714771270752,0.0
2008-12-01,10.674153327941895,0.0
2008-12-02,10.8399019241333,0.0
2008-12-03,11.611787796020508,0.0
2008-12-04,10.866752624511719,0.0
2008-12-05,11.18221378326416,0.0
2008-12-08,11.215774536132812,1.0
2008-12-09,12.121895790100098,0.0
2008-12-10,12.202445983886719,0.0
2008-12-11,12.390377044677734,0.0
2008-12-12,13.00788402557373,0.0
2008-12-15,12.665571212768555,0.0
2008-12-16,13.410611152648926,0.0
2008-12-17,13.209245681762695,0.0
2008-12-18,12.242713928222656,0.0
2008-12-19,12.73269271850586,0.0
2008-12-22,12.316549301147461,0.0
2008-12-23,12.101761817932129,0.0
2008-12-24,12.209155082702637,0.0
2008-12-26,12.175596237182617,0.0
2008-12-29,12.155461311340332,0.0
2008-12-30,12.645432472229004,0.0
2008-12-31,12.766250610351562,0.0
2009-01-02,13.202534675598145,0.0
2009-01-05,13.135414123535156,0.0
2009-01-06,13.773051261901855,0.0
2009-01-07,13.256227493286133,0.0
2009-01-08,13.269654273986816,0.0
2009-01-09,13.001176834106445,0.0
2009-01-12,12.786389350891113,0.0
2009-01-13,12.987750053405762,0.0
2009-01-14,12.48434829711914,0.0
2009-01-15,12.819944381713867,0.0
2009-01-16,13.309919357299805,0.0
2009-01-20,12.5984525680542,1.0
2009-01-21,12.685705184936523,0.0
2009-01-22,12.705843925476074,0.0
2009-01-23,13.195820808410645,0.0
2009-01-26,13.215953826904297,0.0
2009-01-27,13.786477088928223,1.0
2009-01-28,14.289881706237793,0.0
2009-01-29,13.719361305236816,0.0
2009-01-30,13.410611152648926,0.0
2009-02-02,13.638809204101562,0.0
2009-02-03,13.974410057067871,0.0
2009-02-04,14.122085571289062,0.0
2009-02-05,14.753010749816895,0.0
2009-02-06,15.021489143371582,0.0
2009-02-09,14.974507331848145,0.0
2009-02-10,14.108651161193848,0.0
2009-02-11,14.028106689453125,0.0
2009-02-12,14.182487487792969,0.0
2009-02-13,14.350297927856445,0.0
2009-02-17,13.424033164978027,0.0
2009-02-18,13.437454223632812,0.0
2009-02-19,13.021310806274414,0.0
2009-02-20,12.954192161560059,0.0
2009-02-23,12.30983829498291,0.0
2009-02-24,12.605162620544434,0.0
2009-02-25,12.927342414855957,0.0
2009-02-26,12.5984525680542,0.0
2009-02-27,12.51119327545166,0.0
2009-03-02,12.03464126586914,0.0
2009-03-03,12.242713928222656,0.0
2009-03-04,12.839919090270996,0.0
2009-03-05,12.74491024017334,0.0
2009-03-06,12.541318893432617,0.0
2009-03-09,12.249499320983887,0.0
2009-03-10,13.00958251953125,0.0
2009-03-11,13.18603229522705,0.0
2009-03-12,13.538926124572754,1.0
2009-03-13,13.681438446044922,0.0
2009-03-16,13.294611930847168,0.0
2009-03-17,13.735732078552246,0.0
2009-03-18,13.986827850341797,0.0
2009-03-19,13.76287841796875,0.0
2009-03-20,13.294611930847168,0.0
2009-03-23,13.790018081665039,0.0
2009-03-24,13.600005149841309,0.0
2009-03-25,13.457484245300293,0.0
2009-03-26,13.70858097076416,0.0
2009-03-27,13.559285163879395,0.0
2009-03-30,13.111373901367188,0.0
2009-03-31,13.077445983886719,0.0
2009-04-01,12.89421272277832,0.0
2009-04-02,13.294611930847168,0.0
2009-04-03,14.000404357910156,0.0
2009-04-06,13.803600311279297,1.0
2009-04-07,13.484634399414062,0.0
2009-04-08,13.661070823669434,0.0
2009-04-09,14.08862018585205,0.0
2009-04-13,13.946111679077148,0.0
2009-04-14,14.149698257446289,0.0
2009-04-15,13.857889175415039,0.0
2009-04-16,14.448307991027832,0.0
2009-04-17,14.529740333557129,0.0
2009-04-20,14.034330368041992,0.0
2009-04-21,14.081844329833984,0.0
2009-04-22,14.203991889953613,0.0
2009-04-23,14.190422058105469,0.0
2009-04-24,14.360079765319824,0.0
2009-04-27,14.142914772033691,0.0
2009-04-28,13.946111679077148,0.0
2009-04-29,14.102197647094727,0.0
2009-04-30,14.44151496887207,0.0
2009-05-01,14.353291511535645,0.0
2009-05-04,14.970857620239258,0.0
2009-05-05,14.930139541625977,1.0
2009-05-06,15.350907325744629,0.0
2009-05-07,14.631539344787598,0.0
2009-05-08,14.02755069732666,0.0
2009-05-11,14.122556686401367,0.0
2009-05-12,13.986827850341797,0.0
2009-05-13,13.654289245605469,0.0
2009-05-14,13.633928298950195,0.0
2009-05-15,13.206392288208008,0.0
2009-05-18,13.504990577697754,0.0
2009-05-19,13.966468811035156,0.0
2009-05-20,16.151697158813477,0.0
2009-05-21,15.995606422424316,1.0
2009-05-22,16.009180068969727,0.0
2009-05-26,16.056686401367188,0.0
2009-05-27,16.385215759277344,0.0
2009-05-28,16.528945922851562,0.0
2009-05-29,16.706892013549805,0.0
2009-06-01,17.131240844726562,0.0
2009-06-02,16.75481414794922,0.0
2009-06-03,16.66582489013672,0.0
2009-06-04,16.809560775756836,0.0
2009-06-05,16.72058868408203,0.0
2009-06-08,16.72058868408203,0.0
2009-06-09,17.610336303710938,0.0
2009-06-10,17.59665298461914,0.0
2009-06-11,17.617185592651367,0.0
2009-06-12,17.384475708007812,0.0
2009-06-15,17.110706329345703,0.0
2009-06-16,16.706892013549805,0.0
2009-06-17,16.86431121826172,0.0
2009-06-18,16.706892013549805,0.0
2009-06-19,16.795875549316406,0.0
2009-06-22,16.186729431152344,0.0
2009-06-23,15.97455883026123,0.0
2009-06-24,16.241483688354492,0.0
2009-06-25,16.96697998046875,0.0
2009-06-26,16.96013641357422,0.0
2009-06-29,16.89168357849121,0.0
2009-06-30,16.96013641357422,0.0
2009-07-01,17.01488494873047,0.0
2009-07-02,16.905372619628906,0.0
2009-07-06,16.481037139892578,0.0
2009-07-07,16.289396286010742,0.0
2009-07-08,16.056682586669922,0.0
2009-07-09,16.446813583374023,0.0
2009-07-10,16.39206314086914,0.0
2009-07-13,16.611068725585938,0.0
2009-07-14,16.549480438232422,0.0
2009-07-15,17.069639205932617,0.0
2009-07-16,17.336572647094727,0.0
2009-07-17,17.52821159362793,1.0
2009-07-20,17.671932220458984,0.0
2009-07-21,17.576114654541016,0.0
2009-07-22,18.274232864379883,0.0
2009-07-23,18.746492385864258,0.0
2009-07-24,18.732807159423828,0.0
2009-07-27,18.83547019958496,0.0
2009-07-28,18.855998992919922,0.0
2009-07-29,18.821779251098633,0.0
2009-07-30,18.801252365112305,0.0
2009-07-31,18.732807159423828,0.0
2009-08-03,18.890216827392578,0.0
2009-08-04,19.027101516723633,0.0
2009-08-05,18.869688034057617,0.0
2009-08-06,18.671205520629883,0.0
2009-08-07,18.51378059387207,0.0
2009-08-10,18.58907127380371,0.0
2009-08-11,18.548006057739258,0.0
2009-08-12,18.616445541381836,0.0
2009-08-13,19.033954620361328,0.0
2009-08-14,18.746492385864258,0.0
2009-08-17,18.315296173095703,0.0
2009-08-18,18.63013458251953,0.0
2009-08-19,19.027101516723633,0.0
2009-08-20,19.14345932006836,0.0
2009-08-21,19.451446533203125,0.0
2009-08-24,19.328258514404297,0.0
2009-08-25,19.555727005004883,0.0
2009-08-26,19.74184226989746,1.0
2009-08-27,19.70737648010254,0.0
2009-08-28,19.76941680908203,0.0
2009-08-31,19.47301483154297,0.0
2009-09-01,19.135250091552734,0.0
2009-09-02,18.997385025024414,0.0
2009-09-03,19.40407943725586,0.0
2009-09-04,19.85213279724121,0.0
2009-09-08,20.19679069519043,0.0
2009-09-09,20.183002471923828,1.0
2009-09-10,20.265708923339844,0.0
2009-09-11,19.569509506225586,0.0
2009-09-14,19.76941680908203,0.0
2009-09-15,19.67980194091797,0.0
2009-09-16,19.066322326660156,0.0
2009-09-17,18.935354232788086,0.0
2009-09-18,18.80438232421875,0.0
2009-09-21,18.74923324584961,0.0
2009-09-22,18.80438232421875,0.0
2009-09-23,19.09388542175293,0.0
2009-09-24,18.87331199645996,0.0
2009-09-25,19.01117706298828,0.0
2009-09-28,19.31446647644043,0.0
2009-09-29,18.80438232421875,0.0
2009-09-30,19.01117706298828,0.0
2009-10-01,18.314971923828125,0.0
2009-10-02,18.101282119750977,0.0
2009-10-05,18.170217514038086,0.0
2009-10-06,18.597583770751953,0.0
2009-10-07,18.45282745361328,0.0
2009-10-08,18.177112579345703,0.0
2009-10-09,18.89398956298828,0.0
2009-10-12,19.36961555480957,0.0
2009-10-13,19.31446647644043,1.0
2009-10-14,19.748727798461914,0.0
2009-10-15,19.410972595214844,0.0
2009-10-16,19.066322326660156,0.0
2009-10-19,19.16971778869629,0.0
2009-10-20,19.07321548461914,0.0
2009-10-21,18.7836971282959,0.0
2009-10-22,19.0042781829834,0.0
2009-10-23,18.694091796875,0.0
2009-10-26,18.74923324584961,0.0
2009-10-27,18.328754425048828,0.0
2009-10-28,17.77730941772461,0.0
2009-10-29,18.170217514038086,0.0
2009-10-30,17.66701316833496,0.0
2009-11-02,17.78418731689453,0.0
2009-11-03,17.804874420166016,0.0
2009-11-04,18.011674880981445,0.0
2009-11-05,18.521764755249023,0.0
2009-11-06,18.280502319335938,0.0
2009-11-09,18.700984954833984,0.0
2009-11-10,19.100780487060547,1.0
2009-11-11,19.1076717376709,0.0
2009-11-12,18.887102127075195,0.0
2009-11-13,18.859525680541992,0.0
2009-11-16,19.424762725830078,0.0
2009-11-17,19.431652069091797,0.0
2009-11-18,19.507476806640625,0.0
2009-11-19,19.190397262573242,0.0
2009-11-20,18.942237854003906,0.0
2009-11-23,19.25932502746582,0.0
2009-11-24,20.500078201293945,0.0
2009-11-25,20.569007873535156,0.0
2009-11-27,20.506973266601562,0.0
2009-11-30,20.672409057617188,0.0
2009-12-01,20.93435287475586,0.0
2009-12-02,21.08700180053711,0.0
2009-12-03,21.274351119995117,0.0
2009-12-04,21.23271369934082,0.0
2009-12-07,21.12169647216797,0.0
2009-12-08,20.969045639038086,0.0
2009-12-09,21.156387329101562,0.0
2009-12-10,21.128631591796875,0.0
2009-12-11,21.156387329101562,0.0
2009-12-14,21.23271369934082,0.0
2009-12-15,21.128631591796875,0.0
2009-12-16,21.295166015625,0.0
2009-12-17,21.14251708984375,0.0
2009-12-18,21.427001953125,0.0
2009-12-21,21.593530654907227,0.0
2009-12-22,21.732309341430664,0.0
2009-12-23,21.773935317993164,0.0
2009-12-24,21.989044189453125,0.0
2009-12-28,21.773935317993164,1.0
2009-12-29,21.72536849975586,0.0
2009-12-30,22.037620544433594,0.0
2009-12-31,21.9127140045166,0.0
2010-01-04,21.97516441345215,0.0
2010-01-05,21.940465927124023,0.0
2010-01-06,21.898834228515625,0.0
2010-01-07,21.72536849975586,0.0
2010-01-08,21.850271224975586,0.0
2010-01-11,21.72536849975586,0.0
2010-01-12,20.823328018188477,0.0
2010-01-13,20.81638526916504,0.0
2010-01-14,20.795574188232422,0.0
2010-01-15,20.094757080078125,0.0
2010-01-19,20.448631286621094,0.0
2010-01-20,20.073936462402344,0.0
2010-01-21,20.164138793945312,0.0
2010-01-22,19.26209831237793,0.0
2010-01-25,19.435565948486328,0.0
2010-01-26,19.151073455810547,0.0
2010-01-27,19.22046661376953,0.0
2010-01-28,18.838829040527344,0.0
2010-01-29,18.706993103027344,0.0
2010-02-01,19.095571517944336,0.0
2010-02-02,19.275978088378906,0.0
2010-02-03,19.18577003479004,0.0
2010-02-04,18.38780403137207,0.0
2010-02-05,18.665367126464844,0.0
2010-02-08,18.595972061157227,0.0
2010-02-09,18.81801414489746,0.0
2010-02-10,18.769439697265625,0.0
2010-02-11,19.19965171813965,0.0
2010-02-12,19.421688079833984,1.0
2010-02-16,19.844951629638672,0.0
2010-02-17,19.692302703857422,0.0
2010-02-18,20.51801872253418,0.0
2010-02-19,20.64291763305664,0.0
2010-02-22,20.740062713623047,0.0
2010-02-23,20.226585388183594,0.0
2010-02-24,20.462507247924805,0.0
2010-02-25,20.55965232849121,0.0
2010-02-26,20.289033889770508,0.0
2010-03-01,20.69148826599121,0.0
2010-03-02,20.55271339416504,0.0
2010-03-03,20.392032623291016,0.0
2010-03-04,20.308204650878906,0.0
2010-03-05,20.608596801757812,0.0
2010-03-08,20.62257194519043,0.0
2010-03-09,20.43395233154297,0.0
2010-03-10,21.013790130615234,0.0
2010-03-11,20.378063201904297,0.0
2010-03-12,20.245330810546875,0.0
2010-03-15,20.203413009643555,0.0
2010-03-16,20.964881896972656,0.0
2010-03-17,21.2582950592041,1.0
2010-03-18,21.069679260253906,0.0
2010-03-19,20.783246994018555,0.0
2010-03-22,21.006797790527344,0.0
2010-03-23,21.2582950592041,0.0
2010-03-24,20.301219940185547,0.0
2010-03-25,20.217390060424805,0.0
2010-03-26,19.903018951416016,0.0
2010-03-29,20.133554458618164,0.0
2010-03-30,20.266286849975586,0.0
2010-03-31,20.133554458618164,0.0
2010-04-01,20.133554458618164,0.0
2010-04-05,20.573667526245117,0.0
2010-04-06,20.461896896362305,0.0
2010-04-07,20.580650329589844,0.0
2010-04-08,20.252315521240234,0.0
2010-04-09,20.336143493652344,0.0
2010-04-12,20.643531799316406,0.0
2010-04-13,20.80420684814453,0.0
2010-04-14,21.901002883911133,1.0
2010-04-15,21.901002883911133,0.0
2010-04-16,21.363094329833984,0.0
2010-04-19,21.244319915771484,0.0
2010-04-20,21.481849670410156,0.0
2010-04-21,21.160499572753906,0.0
2010-04-22,21.251314163208008,0.0
2010-04-23,21.42595100402832,0.0
2010-04-26,21.747314453125,0.0
2010-04-27,20.98583984375,0.0
2010-04-28,21.13254165649414,0.0
2010-04-29,21.55171012878418,0.0
2010-04-30,20.908994674682617,1.0
2010-05-03,21.020769119262695,0.0
2010-05-04,20.538738250732422,0.0
2010-05-05,20.426965713500977,0.0
2010-05-06,19.61659812927246,0.0
2010-05-07,19.37907600402832,0.0
2010-05-10,20.385051727294922,0.0
2010-05-11,20.161500930786133,0.0
2010-05-12,20.510799407958984,0.0
2010-05-13,19.965890884399414,0.0
2010-05-14,19.407014846801758,0.0
2010-05-17,19.80521011352539,0.0
2010-05-18,19.281269073486328,0.0
2010-05-19,20.09862518310547,0.0
2010-05-20,19.644535064697266,0.0
2010-05-21,20.007814407348633,0.0
2010-05-24,19.889047622680664,0.0
2010-05-25,20.028764724731445,0.0
2010-05-26,20.049882888793945,1.0
2010-05-27,20.922836303710938,0.0
2010-05-28,20.53564453125,0.0
2010-06-01,20.32444190979004,0.0
2010-06-02,20.9862060546875,0.0
2010-06-03,21.380447387695312,0.0
2010-06-04,20.415964126586914,0.0
2010-06-07,19.683805465698242,0.0
2010-06-08,19.775327682495117,0.0
2010-06-09,19.620447158813477,0.0
2010-06-10,20.148447036743164,0.0
2010-06-11,20.444124221801758,0.0
2010-06-14,20.331485748291016,1.0
2010-06-15,21.37340545654297,0.0
2010-06-16,21.5423583984375,0.0
2010-06-17,21.577560424804688,0.0
2010-06-18,21.486040115356445,0.0
2010-06-21,21.317092895507812,0.0
2010-06-22,20.82428741455078,0.0
2010-06-23,20.979156494140625,0.0
2010-06-24,20.60604476928711,0.0
2010-06-25,20.50044822692871,0.0
2010-06-28,20.570837020874023,0.0
2010-06-29,19.88092613220215,0.0
2010-06-30,19.613405227661133,0.0
2010-07-01,19.655643463134766,0.0
2010-07-02,19.620447158813477,0.0
2010-07-06,19.634521484375,0.0
2010-07-07,20.725725173950195,0.0
2010-07-08,20.472280502319336,0.0
2010-07-09,20.62716293334961,0.0
2010-07-12,20.66940689086914,0.0
2010-07-13,21.15516471862793,1.0
2010-07-14,20.83836555480957,0.0
2010-07-15,20.92988395690918,0.0
2010-07-16,20.563804626464844,0.0
2010-07-19,21.12700080871582,0.0
2010-07-20,21.15516471862793,0.0
2010-07-21,20.81723976135254,0.0
2010-07-22,21.549396514892578,0.0
2010-07-23,21.72540283203125,0.0
2010-07-26,21.96476173400879,0.0
2010-07-27,21.85211944580078,0.0
2010-07-28,21.33820343017578,0.0
2010-07-29,20.936918258666992,0.0
2010-07-30,20.915807723999023,0.0
2010-08-02,21.183319091796875,0.0
2010-08-03,21.0284423828125,0.0
2010-08-04,21.288921356201172,0.0
2010-08-05,21.28188133239746,0.0
2010-08-06,21.239643096923828,0.0
2010-08-09,21.464921951293945,0.0
2010-08-10,21.042524337768555,0.0
2010-08-11,20.479324340820312,0.0
2010-08-12,19.873882293701172,0.0
2010-08-13,19.761240005493164,0.0
2010-08-16,19.965402603149414,0.0
2010-08-17,20.282194137573242,0.0
2010-08-18,21.176286697387695,0.0
2010-08-19,20.88764762878418,0.0
2010-08-20,20.85244369506836,0.0
2010-08-23,21.05660629272461,0.0
2010-08-24,20.64124298095703,1.0
2010-08-25,20.5773983001709,0.0
2010-08-26,20.541942596435547,0.0
2010-08-27,20.726350784301758,0.0
2010-08-30,20.130538940429688,0.0
2010-08-31,19.7758731842041,0.0
2010-09-01,20.21565055847168,0.0
2010-09-02,20.705080032348633,0.0
2010-09-03,20.988813400268555,0.0
2010-09-07,20.33622932434082,1.0
2010-09-08,20.44263458251953,0.0
2010-09-09,20.435535430908203,0.0
2010-09-10,19.81133460998535,0.0
2010-09-13,20.378795623779297,0.0
2010-09-14,20.67671012878418,0.0
2010-09-15,20.499380111694336,1.0
2010-09-16,20.910785675048828,0.0
2010-09-17,21.215803146362305,0.0
2010-09-20,21.2938175201416,0.0
2010-09-21,21.2938175201416,0.0
2010-09-22,20.790197372436523,0.0
2010-09-23,20.88949966430664,0.0
2010-09-24,21.89674186706543,0.0
2010-09-27,21.996044158935547,0.0
2010-09-28,22.464197158813477,0.0
2010-09-29,22.393268585205078,0.0
2010-09-30,22.25848960876465,0.0
2010-10-01,22.265592575073242,0.0
2010-10-04,22.01023292541504,0.0
2010-10-05,22.705366134643555,0.0
2010-10-06,22.4145450592041,0.0
2010-10-07,22.634435653686523,0.0
2010-10-08,22.939449310302734,0.0
2010-10-11,23.045839309692383,0.0
2010-10-12,23.09549903869629,0.0
2010-10-13,22.2868709564209,0.0
2010-10-14,22.2868709564209,0.0
2010-10-15,22.464197158813477,0.0
2010-10-18,22.37908172607422,0.0
2010-10-19,22.180465698242188,0.0
2010-10-20,22.371986389160156,0.0
2010-10-21,22.272676467895508,0.0
2010-10-22,22.705366134643555,0.0
2010-10-25,22.889785766601562,0.0
2010-10-26,22.69118309020996,0.0
2010-10-27,23.258634567260742,0.0
2010-10-28,23.357942581176758,0.0
2010-10-29,23.882843017578125,1.0
2010-11-01,23.975046157836914,0.0
2010-11-02,24.36517333984375,0.0
2010-11-03,24.585065841674805,0.0
2010-11-04,25.27310562133789,0.0
2010-11-05,25.20218849182129,0.0
2010-11-08,25.1241512298584,0.0
2010-11-09,24.875892639160156,0.0
2010-11-10,24.62053108215332,0.0
2010-11-11,24.16657066345215,0.0
2010-11-12,24.265878677368164,0.0
2010-11-15,24.15237808227539,0.0
2010-11-16,23.946687698364258,0.0
2010-11-17,24.060171127319336,0.0
2010-11-18,24.50703239440918,0.0
2010-11-19,24.95391273498535,0.0
2010-11-22,25.507184982299805,0.0
2010-11-23,25.32984733581543,0.0
2010-11-24,25.798009872436523,1.0
2010-11-26,25.436246871948242,0.0
2010-11-29,25.379514694213867,0.0
2010-11-30,25.223464965820312,0.0
2010-12-01,26.165586471557617,0.0
2010-12-02,26.593826293945312,1.0
2010-12-03,26.85791778564453,0.0
2010-12-06,26.536733627319336,0.0
2010-12-07,27.022064208984375,0.0
2010-12-08,27.286149978637695,0.0
2010-12-09,27.214786529541016,0.0
2010-12-10,26.93642234802246,0.0
2010-12-13,26.807950973510742,0.0
2010-12-14,26.757993698120117,0.0
2010-12-15,26.508176803588867,0.0
2010-12-16,26.608104705810547,0.0
2010-12-17,26.757993698120117,0.0
2010-12-20,26.779409408569336,0.0
2010-12-21,27.10772705078125,0.0
2010-12-22,26.822229385375977,0.0
2010-12-23,26.886463165283203,0.0
2010-12-27,27.20764923095703,0.0
2010-12-28,26.800811767578125,0.0
2010-12-29,26.865041732788086,0.0
2010-12-30,27.093435287475586,0.0
2010-12-31,26.886463165283203,0.0
2011-01-03,27.0863037109375,0.0
2011-01-04,26.779409408569336,0.0
2011-01-05,26.836502075195312,0.0
2011-01-06,26.986385345458984,0.0
2011-01-07,26.82935905456543,0.0
2011-01-10,26.907886505126953,0.0
2011-01-11,27.143413543701172,0.0
2011-01-12,27.150550842285156,0.0
2011-01-13,27.014938354492188,0.0
2011-01-14,27.550235748291016,0.0
2011-01-18,28.449554443359375,0.0
2011-01-19,27.864282608032227,1.0
2011-01-20,27.7857666015625,0.0
2011-01-21,27.67156982421875,0.0
2011-01-24,28.085533142089844,0.0
2011-01-25,27.678730010986328,0.0
2011-01-26,27.757221221923828,0.0
2011-01-27,27.96420669555664,0.0
2011-01-28,27.336122512817383,0.0
2011-01-31,27.714397430419922,0.0
2011-02-01,28.313945770263672,0.0
2011-02-02,28.378158569335938,0.0
2011-02-03,27.999889373779297,1.0
2011-02-04,28.54946517944336,0.0
2011-02-07,28.449554443359375,1.0
2011-02-08,28.278247833251953,0.0
2011-02-09,28.413864135742188,0.0
2011-02-10,28.54233169555664,0.0
2011-02-11,28.970584869384766,0.0
2011-02-14,29.256072998046875,0.0
2011-02-15,29.263208389282227,0.0
2011-02-16,29.149011611938477,0.0
2011-02-17,29.39882469177246,0.0
2011-02-18,29.34885597229004,0.0
2011-02-22,28.592296600341797,0.0
2011-02-23,27.98561668395996,0.0
2011-02-24,28.0284366607666,0.0
2011-02-25,28.54233169555664,0.0
2011-02-28,28.46382713317871,0.0
2011-03-01,27.957080841064453,0.0
2011-03-02,28.52410888671875,0.0
2011-03-03,29.399784088134766,0.0
2011-03-04,29.162919998168945,0.0
2011-03-07,28.43796730041504,0.0
2011-03-08,28.58152198791504,0.0
2011-03-09,27.641250610351562,0.0
2011-03-10,27.217769622802734,0.0
2011-03-11,27.382854461669922,0.0
2011-03-14,27.397218704223633,0.0
2011-03-15,26.988080978393555,0.0
2011-03-16,26.22724723815918,0.0
2011-03-17,26.815818786621094,0.0
2011-03-18,27.145984649658203,0.0
2011-03-21,27.361330032348633,0.0
2011-03-22,27.253650665283203,0.0
2011-03-23,27.54793930053711,0.0
2011-03-24,28.064739227294922,0.0
2011-03-25,28.007308959960938,1.0
2011-03-28,27.96424102783203,0.0
2011-03-29,28.351844787597656,0.0
2011-03-30,28.351844787597656,0.0
2011-03-31,28.265724182128906,0.0
2011-04-01,28.10779571533203,0.0
2011-04-04,27.634078979492188,0.0
2011-04-05,27.54793930053711,0.0
2011-04-06,28.193931579589844,0.0
2011-04-07,28.229812622070312,0.0
2011-04-08,28.036022186279297,0.0
2011-04-11,27.591007232666016,0.0
2011-04-12,27.095735549926758,0.0
2011-04-13,27.167530059814453,0.0
2011-04-14,27.038326263427734,0.0
2011-04-15,27.390033721923828,0.0
2011-04-18,26.571781158447266,0.0
2011-04-19,26.801462173461914,0.0
2011-04-20,27.978601455688477,0.0
2011-04-21,28.064739227294922,0.0
2011-04-25,28.10779571533203,1.0
2011-04-26,28.69637107849121,0.0
2011-04-27,29.105499267578125,0.0
2011-04-28,29.09832000732422,0.0
2011-04-29,28.933238983154297,0.0
2011-05-02,28.99065589904785,0.0
2011-05-03,28.839937210083008,0.0
2011-05-04,28.997838973999023,0.0
2011-05-05,28.954763412475586,0.0
2011-05-06,29.09113311767578,0.0
2011-05-09,29.29928207397461,0.0
2011-05-10,29.694061279296875,0.0
2011-05-11,29.24905014038086,0.0
2011-05-12,29.765838623046875,0.0
2011-05-13,29.27776336669922,0.0
2011-05-16,29.105499267578125,0.0
2011-05-17,28.875810623168945,0.0
2011-05-18,30.576929092407227,0.0
2011-05-19,30.3687801361084,1.0
2011-05-20,30.00270652770996,0.0
2011-05-23,29.45003318786621,0.0
2011-05-24,29.033721923828125,0.0
2011-05-25,28.860382080078125,0.0
2011-05-26,29.16373062133789,0.0
2011-05-27,29.2865047454834,0.0
2011-05-31,29.734275817871094,0.0
2011-06-01,28.788166046142578,0.0
2011-06-02,28.773717880249023,0.0
2011-06-03,28.22482681274414,0.0
2011-06-06,28.167030334472656,0.0
2011-06-07,28.484827041625977,0.0
2011-06-08,27.834806442260742,0.0
2011-06-09,27.762592315673828,0.0
2011-06-10,27.350914001464844,0.0
2011-06-13,27.06924819946289,0.0
2011-06-14,27.3653621673584,0.0
2011-06-15,26.693696975708008,0.0
2011-06-16,26.527576446533203,0.0
2011-06-17,26.419246673583984,0.0
2011-06-20,26.534809112548828,0.0
2011-06-21,27.11979866027832,0.0
2011-06-22,26.953697204589844,0.0
2011-06-23,27.43036651611328,0.0
2011-06-24,26.953697204589844,0.0
2011-06-27,27.329254150390625,0.0
2011-06-28,27.647037506103516,1.0
2011-06-29,27.66149139404297,0.0
2011-06-30,28.268142700195312,0.0
2011-07-01,28.86760711669922,0.0
2011-07-05,28.499269485473633,0.0
2011-07-06,28.622053146362305,0.0
2011-07-07,29.026500701904297,0.0
2011-07-08,28.614822387695312,0.0
2011-07-11,27.834806442260742,0.0
2011-07-12,26.40480613708496,0.0
2011-07-13,26.188121795654297,0.0
2011-07-14,25.920894622802734,0.0
2011-07-15,25.834238052368164,0.0
2011-07-18,25.610342025756836,0.0
2011-07-19,26.065359115600586,0.0
2011-07-20,26.079792022705078,0.0
2011-07-21,26.354236602783203,0.0
2011-07-22,26.765911102294922,0.0
2011-07-25,26.28923988342285,0.0
2011-07-26,26.57090950012207,0.0
2011-07-27,25.16977310180664,0.0
2011-07-28,25.05422019958496,0.0
2011-07-29,24.844778060913086,0.0
2011-08-01,24.613656997680664,0.0
2011-08-02,23.8192138671875,0.0
2011-08-03,24.194765090942383,0.0
2011-08-04,22.844194412231445,0.0
2011-08-05,22.750301361083984,0.0
2011-08-08,21.79695701599121,0.0
2011-08-09,22.389190673828125,0.0
2011-08-10,22.150854110717773,0.0
2011-08-11,22.750301361083984,0.0
2011-08-12,22.74308204650879,0.0
2011-08-15,23.16920280456543,0.0
2011-08-16,22.6419677734375,0.0
2011-08-17,22.88752555847168,0.0
2011-08-18,22.30974578857422,1.0
2011-08-19,22.24473762512207,0.0
2011-08-22,22.53363800048828,0.0
2011-08-23,23.66031265258789,0.0
2011-08-24,23.54387092590332,0.0
2011-08-25,23.136314392089844,0.0
2011-08-26,23.565706253051758,0.0
2011-08-29,24.104257583618164,0.0
2011-08-30,24.104257583618164,0.0
2011-08-31,24.0314884185791,0.0
2011-09-01,23.90047836303711,0.0
2011-09-02,23.29642105102539,0.0
2011-09-06,23.00531578063965,0.0
2011-09-07,23.8204288482666,0.0
2011-09-08,23.769481658935547,0.0
2011-09-09,23.369205474853516,0.0
2011-09-12,23.89320945739746,0.0
2011-09-13,24.22071075439453,0.0
2011-09-14,25.03583335876465,0.0
2011-09-15,25.006717681884766,0.0
2011-09-16,25.181392669677734,0.0
2011-09-19,25.174104690551758,0.0
2011-09-20,24.868440628051758,0.0
2011-09-21,24.19160270690918,0.0
2011-09-22,23.34737205505371,0.0
2011-09-23,23.907760620117188,0.0
2011-09-26,23.747652053833008,0.0
2011-09-27,24.453603744506836,0.0
2011-09-28,23.68942642211914,0.0
2011-09-29,23.587541580200195,0.0
2011-09-30,22.743303298950195,0.0
2011-10-03,22.612300872802734,0.0
2011-10-04,23.51475715637207,0.0
2011-10-05,24.344436645507812,0.0
2011-10-06,24.693784713745117,0.0
2011-10-07,24.926660537719727,1.0
2011-10-10,25.450672149658203,0.0
2011-10-11,25.225053787231445,0.0
2011-10-12,25.392452239990234,0.0
2011-10-13,25.974672317504883,0.0
2011-10-14,26.069278717041016,0.0
2011-10-17,25.30510711669922,0.0
2011-10-18,25.967397689819336,0.0
2011-10-19,25.34150505065918,0.0
2011-10-20,24.839323043823242,0.0
2011-10-21,25.567113876342773,0.0
2011-10-24,26.25122833251953,0.0
2011-10-25,26.1566104888916,0.0
2011-10-26,26.33128547668457,0.0
2011-10-27,27.110023498535156,0.0
2011-10-28,27.437524795532227,0.0
2011-10-31,26.61511993408203,0.0
2011-11-01,25.785449981689453,0.0
2011-11-02,25.836393356323242,0.0
2011-11-03,26.62967300415039,0.0
2011-11-04,27.110023498535156,0.0
2011-11-07,26.738859176635742,1.0
2011-11-08,27.02269172668457,0.0
2011-11-09,25.654449462890625,0.0
2011-11-10,26.120229721069336,0.0
2011-11-11,26.82618522644043,0.0
2011-11-14,26.469560623168945,0.0
2011-11-15,26.680620193481445,0.0
2011-11-16,26.60057258605957,0.0
2011-11-17,25.836393356323242,0.0
2011-11-18,25.69084358215332,0.0
2011-11-21,24.992162704467773,0.0
2011-11-22,24.24982261657715,0.0
2011-11-23,23.660314559936523,0.0
2011-11-25,23.492918014526367,0.0
2011-11-28,23.94415283203125,0.0
2011-11-29,24.184316635131836,0.0
2011-11-30,25.56293296813965,0.0
2011-12-01,25.819580078125,0.0
2011-12-02,25.856245040893555,0.0
2011-12-05,26.362239837646484,1.0
2011-12-06,26.303560256958008,0.0
2011-12-07,26.252235412597656,0.0
2011-12-08,25.474937438964844,0.0
2011-12-09,25.812252044677734,0.0
2011-12-12,25.19628143310547,0.0
2011-12-13,24.866289138793945,0.0
2011-12-14,24.704965591430664,0.0
2011-12-15,24.96894645690918,0.0
2011-12-16,25.049619674682617,0.0
2011-12-19,24.536304473876953,0.0
2011-12-20,25.870920181274414,0.0
2011-12-21,25.753589630126953,0.0
2011-12-22,26.354890823364258,1.0
2011-12-23,26.552885055541992,0.0
2011-12-27,26.67754364013672,0.0
2011-12-28,26.105571746826172,0.0
2011-12-29,26.28889274597168,0.0
2011-12-30,26.23756217956543,0.0
2012-01-03,26.420888900756836,0.0
2012-01-04,26.384225845336914,0.0
2012-01-05,26.501562118530273,0.0
2012-01-06,26.325571060180664,0.0
2012-01-09,26.838876724243164,0.0
2012-01-10,26.956209182739258,0.0
2012-01-11,27.06620216369629,0.0
2012-01-12,27.359535217285156,0.0
2012-01-13,26.853548049926758,0.0
2012-01-17,27.161529541015625,0.0
2012-01-18,28.708797454833984,0.0
2012-01-19,29.09010887145996,0.0
2012-01-20,29.170780181884766,0.0
2012-01-23,28.9654541015625,0.0
2012-01-24,29.22212028503418,0.0
2012-01-25,29.170780181884766,0.0
2012-01-26,28.80412483215332,0.0
2012-01-27,28.8627986907959,0.0
2012-01-30,28.657455444335938,0.0
2012-01-31,28.69413185119629,0.0
2012-02-01,28.855451583862305,0.0
2012-02-02,28.84812355041504,0.0
2012-02-03,29.390769958496094,0.0
2012-02-06,29.01678466796875,0.0
2012-02-07,29.09010887145996,0.0
2012-02-08,29.251449584960938,0.0
2012-02-09,29.405445098876953,0.0
2012-02-10,28.936119079589844,0.0
2012-02-13,28.9654541015625,0.0
2012-02-14,28.914125442504883,0.0
2012-02-15,29.053442001342773,0.0
2012-02-16,29.596099853515625,0.0
2012-02-17,29.64008331298828,0.0
2012-02-21,29.471435546875,0.0
2012-02-22,29.200117111206055,0.0
2012-02-23,28.840801239013672,0.0
2012-02-24,28.488811492919922,0.0
2012-02-27,28.46681785583496,0.0
2012-02-28,29.01678466796875,0.0
2012-02-29,28.752792358398438,0.0
2012-03-01,28.708797454833984,0.0
2012-03-02,28.349483489990234,0.0
2012-03-05,27.836158752441406,0.0
2012-03-06,27.92416763305664,0.0
2012-03-07,28.23459815979004,0.0
2012-03-08,28.515466690063477,0.0
2012-03-09,28.74458885192871,0.0
2012-03-12,28.559814453125,0.0
2012-03-13,29.136320114135742,0.0
2012-03-14,28.862855911254883,0.0
2012-03-15,29.409807205200195,0.0
2012-03-16,29.343280792236328,1.0
2012-03-19,29.779369354248047,0.0
2012-03-20,29.601985931396484,0.0
2012-03-21,29.668498992919922,0.0
2012-03-22,29.431982040405273,0.0
2012-03-23,29.505895614624023,0.0
2012-03-26,29.89023208618164,0.0
2012-03-27,29.84589958190918,0.0
2012-03-28,29.653717041015625,0.0
2012-03-29,29.57240867614746,0.0
2012-03-30,29.860681533813477,0.0
2012-04-02,29.491119384765625,0.0
2012-04-03,28.885013580322266,0.0
2012-04-04,28.596771240234375,0.0
2012-04-05,28.670679092407227,0.0
2012-04-09,28.1163387298584,0.0
2012-04-10,27.79851531982422,0.0
2012-04-11,28.04241180419922,0.0
2012-04-12,28.700246810913086,0.0
2012-04-13,28.1163387298584,0.0
2012-04-16,28.035030364990234,0.0
2012-04-17,28.559814453125,0.0
2012-04-18,28.375022888183594,0.0
2012-04-19,28.29372215270996,0.0
2012-04-20,27.946332931518555,0.0
2012-04-23,27.5102596282959,0.0
2012-04-24,27.687644958496094,0.0
2012-04-25,27.961122512817383,0.0
2012-04-26,28.36764907836914,0.0
2012-04-27,28.80372428894043,0.0
2012-04-30,28.811120986938477,1.0
2012-05-01,28.85545539855957,0.0
2012-05-02,28.818506240844727,0.0
2012-05-03,28.23459815979004,0.0
2012-05-04,27.717212677001953,0.0
2012-05-07,27.67285919189453,0.0
2012-05-08,27.680246353149414,0.0
2012-05-09,27.414165496826172,0.0
2012-05-10,27.443740844726562,0.0
2012-05-11,27.591554641723633,0.0
2012-05-14,27.488073348999023,0.0
2012-05-15,27.273731231689453,0.0
2012-05-16,26.867218017578125,0.0
2012-05-17,26.37199592590332,0.0
2012-05-18,25.9359188079834,0.0
2012-05-21,26.51243019104004,0.0
2012-05-22,26.460697174072266,0.0
2012-05-23,26.37199592590332,0.0
2012-05-24,26.608530044555664,0.0
2012-05-25,26.748947143554688,0.0
2012-05-29,27.273731231689453,0.0
2012-05-30,26.938398361206055,1.0
2012-05-31,27.10232925415039,0.0
2012-06-01,26.632877349853516,0.0
2012-06-04,26.58816146850586,0.0
2012-06-05,26.975650787353516,0.0
2012-06-06,27.810277938842773,0.0
2012-06-07,27.452579498291016,0.0
2012-06-08,27.64633560180664,0.0
2012-06-11,27.072534561157227,0.0
2012-06-12,27.79537010192871,0.0
2012-06-13,27.28864288330078,0.0
2012-06-14,27.154504776000977,0.0
2012-06-15,27.504741668701172,0.0
2012-06-18,27.98910140991211,0.0
2012-06-19,28.316987991333008,0.0
2012-06-20,28.518192291259766,0.0
2012-06-21,27.810277938842773,0.0
2012-06-22,28.11578369140625,0.0
2012-06-25,27.542003631591797,0.0
2012-06-26,27.29608917236328,0.0
2012-06-27,27.631418228149414,0.0
2012-06-28,27.214120864868164,0.0
2012-06-29,28.071081161499023,0.0
2012-07-02,27.750642776489258,1.0
2012-07-03,27.780452728271484,0.0
2012-07-05,27.892244338989258,0.0
2012-07-06,27.28864288330078,0.0
2012-07-09,27.05763053894043,0.0
2012-07-10,26.916053771972656,0.0
2012-07-11,27.154504776000977,0.0
2012-07-12,26.699947357177734,0.0
2012-07-13,27.176849365234375,0.0
2012-07-16,26.96075439453125,0.0
2012-07-17,27.251371383666992,0.0
2012-07-18,28.011457443237305,0.0
2012-07-19,28.309539794921875,1.0
2012-07-20,27.93695068359375,0.0
2012-07-23,27.564348220825195,0.0
2012-07-24,27.348249435424805,0.0
2012-07-25,28.279722213745117,0.0
2012-07-26,28.570350646972656,0.0
2012-07-27,29.3378849029541,0.0
2012-07-30,29.226119995117188,0.0
2012-07-31,29.12177848815918,0.0
2012-08-01,29.322982788085938,0.0
2012-08-02,29.12177848815918,0.0
2012-08-03,29.6583194732666,0.0
2012-08-06,29.68813133239746,0.0
2012-08-07,29.814794540405273,0.0
2012-08-08,29.941497802734375,0.0
2012-08-09,30.075632095336914,0.0
2012-08-10,30.127798080444336,0.0
2012-08-13,30.20229721069336,0.0
2012-08-14,30.01601219177246,0.0
2012-08-15,30.127798080444336,0.0
2012-08-16,30.44075584411621,0.0
2012-08-17,30.418397903442383,0.0
2012-08-20,30.20976448059082,0.0
2012-08-21,30.06071662902832,0.0
2012-08-22,29.583789825439453,0.0
2012-08-23,29.486927032470703,0.0
2012-08-24,29.613615036010742,0.0
2012-08-27,29.50928497314453,0.0
2012-08-28,29.472026824951172,0.0
2012-08-29,29.67474937438965,0.0
2012-08-30,29.57716178894043,0.0
2012-08-31,29.839954376220703,0.0
2012-09-04,29.554624557495117,0.0
2012-09-05,29.50957679748535,0.0
2012-09-06,30.29047966003418,0.0
2012-09-07,30.37308692932129,0.0
2012-09-10,30.08774757385254,0.0
2012-09-11,30.20787811279297,0.0
2012-09-12,30.230419158935547,0.0
2012-09-13,30.703460693359375,0.0
2012-09-14,31.29667091369629,1.0
2012-09-17,30.906204223632812,0.0
2012-09-18,30.613370895385742,0.0
2012-09-19,30.72598648071289,0.0
2012-09-20,30.418148040771484,0.0
2012-09-21,30.275466918945312,0.0
2012-09-24,29.907546997070312,0.0
2012-09-25,29.29180908203125,0.0
2012-09-26,29.104095458984375,0.0
2012-09-27,29.727323532104492,0.0
2012-09-28,29.419471740722656,0.0
2012-10-01,29.659746170043945,0.0
2012-10-02,29.764869689941406,0.0
2012-10-03,29.697288513183594,0.0
2012-10-04,29.719818115234375,0.0
2012-10-05,29.824928283691406,0.0
2012-10-08,29.50205421447754,0.0
2012-10-09,29.036516189575195,0.0
2012-10-10,28.668588638305664,0.0
2012-10-11,28.503379821777344,0.0
2012-10-12,28.616037368774414,0.0
2012-10-15,28.953914642333984,0.0
2012-10-16,29.622209548950195,0.0
2012-10-17,29.682266235351562,0.0
2012-10-18,29.45701026916504,0.0
2012-10-19,28.87132453918457,1.0
2012-10-22,28.86381721496582,0.0
2012-10-23,28.946409225463867,0.0
2012-10-24,28.66107940673828,0.0
2012-10-25,29.051538467407227,0.0
2012-10-26,29.314342498779297,0.0
2012-10-31,29.37441635131836,1.0
2012-11-01,30.282976150512695,0.0
2012-11-02,29.900026321411133,0.0
2012-11-05,30.613370895385742,0.0
2012-11-06,31.033855438232422,0.0
2012-11-07,30.37308692932129,0.0
2012-11-08,30.035192489624023,0.0
2012-11-09,30.245439529418945,0.0
2012-11-12,30.222909927368164,0.0
2012-11-13,30.37308692932129,0.0
2012-11-14,29.839954376220703,0.0
2012-11-15,29.57716178894043,0.0
2012-11-16,29.532089233398438,0.0
2012-11-19,30.192874908447266,0.0
2012-11-20,30.065217971801758,0.0
2012-11-21,30.1177921295166,0.0
2012-11-23,30.590835571289062,0.0
2012-11-26,30.320520401000977,1.0
2012-11-27,30.1177921295166,0.0
2012-11-28,30.33555030822754,0.0
2012-11-29,30.485708236694336,0.0
2012-11-30,30.485708236694336,0.0
2012-12-03,30.36557388305664,0.0
2012-12-04,30.52325439453125,0.0
2012-12-05,30.689680099487305,0.0
2012-12-06,30.810712814331055,0.0
2012-12-07,31.22675895690918,0.0
2012-12-10,31.340232849121094,0.0
2012-12-11,31.960546493530273,0.0
2012-12-12,31.786563873291016,0.0
2012-12-13,31.408315658569336,0.0
2012-12-14,31.279712677001953,0.0
2012-12-17,31.431013107299805,0.0
2012-12-18,31.892457962036133,0.0
2012-12-19,32.005924224853516,0.0
2012-12-20,32.03617858886719,0.0
2012-12-21,31.91515350341797,0.0
2012-12-24,31.8546199798584,0.0
2012-12-26,31.612564086914062,0.0
2012-12-27,31.688201904296875,0.0
2012-12-28,31.370485305786133,0.0
2012-12-31,31.816822052001953,0.0
2013-01-02,33.28435516357422,0.0
2013-01-03,32.74726486206055,1.0
2013-01-04,32.16477584838867,0.0
2013-01-07,32.26313400268555,0.0
2013-01-08,31.930278778076172,0.0
2013-01-09,31.847063064575195,0.0
2013-01-10,32.232872009277344,0.0
2013-01-11,31.968088150024414,0.0
2013-01-14,31.952972412109375,0.0
2013-01-15,31.786563873291016,0.0
2013-01-16,31.831947326660156,0.0
2013-01-17,32.573272705078125,0.0
2013-01-18,32.573272705078125,0.0
2013-01-22,32.6413459777832,0.0
2013-01-23,32.79263687133789,0.0
2013-01-24,32.85316848754883,1.0
2013-01-25,33.133052825927734,0.0
2013-01-28,33.30704116821289,0.0
2013-01-29,33.39780807495117,0.0
2013-01-30,33.41293716430664,0.0
2013-01-31,33.01201248168945,0.0
2013-02-01,33.791175842285156,0.0
2013-02-04,33.32216262817383,0.0
2013-02-05,33.79875183105469,0.0
2013-02-06,33.8441276550293,0.0
2013-02-07,33.579368591308594,0.0
2013-02-08,34.57033920288086,0.0
2013-02-11,34.8577880859375,0.0
2013-02-12,35.00153350830078,0.0
2013-02-13,34.993953704833984,0.0
2013-02-14,35.20575714111328,0.0
2013-02-15,34.93343734741211,0.0
2013-02-19,35.56128692626953,0.0
2013-02-20,34.63840103149414,0.0
2013-02-21,34.13158416748047,0.0
2013-02-22,34.43417739868164,0.0
2013-02-25,33.8668212890625,0.0
2013-02-26,34.040802001953125,0.0
2013-02-27,34.58961486816406,0.0
2013-02-28,34.46764373779297,0.0
2013-03-01,34.47526550292969,0.0
2013-03-04,34.528629302978516,0.0
2013-03-05,34.886863708496094,0.0
2013-03-06,35.153648376464844,0.0
2013-03-07,34.84113693237305,0.0
2013-03-08,35.100303649902344,0.0
2013-03-11,35.397560119628906,0.0
2013-03-12,35.42803955078125,0.0
2013-03-13,35.42803955078125,1.0
2013-03-14,35.45091247558594,0.0
2013-03-15,34.703941345214844,0.0
2013-03-18,34.185630798339844,0.0
2013-03-19,34.231361389160156,0.0
2013-03-20,34.80302047729492,0.0
2013-03-21,33.95695114135742,0.0
2013-03-22,34.2237434387207,0.0
2013-03-25,34.02555847167969,0.0
2013-03-26,34.871639251708984,0.0
2013-03-27,34.871639251708984,0.0
2013-03-28,35.4356689453125,0.0
2013-04-01,34.61247634887695,0.0
2013-04-02,34.452415466308594,0.0
2013-04-03,33.58347702026367,0.0
2013-04-04,33.339569091796875,0.0
2013-04-05,33.240478515625,0.0
2013-04-08,33.5377311706543,0.0
2013-04-09,33.591094970703125,0.0
2013-04-10,34.37617874145508,0.0
2013-04-11,34.2237434387207,0.0
2013-04-12,33.98745346069336,0.0
2013-04-15,33.41578674316406,0.0
2013-04-16,34.10178756713867,0.0
2013-04-17,32.661190032958984,0.0
2013-04-18,32.272457122802734,0.0
2013-04-19,32.287696838378906,0.0
2013-04-22,32.51636505126953,0.0
2013-04-23,33.103271484375,0.0
2013-04-24,33.12611770629883,0.0
2013-04-25,33.270973205566406,0.0
2013-04-26,33.004188537597656,0.0
2013-04-29,33.27858352661133,0.0
2013-04-30,33.530120849609375,1.0
2013-05-01,33.44628143310547,0.0
2013-05-02,33.69780349731445,0.0
2013-05-03,34.29995346069336,0.0
2013-05-06,34.924991607666016,0.0
2013-05-07,34.894493103027344,0.0
2013-05-08,35.1231575012207,0.0
2013-05-09,35.35182189941406,0.0
2013-05-10,35.664337158203125,0.0
2013-05-13,35.25273895263672,0.0
2013-05-14,35.32133865356445,0.0
2013-05-15,35.58811569213867,0.0
2013-05-16,35.443294525146484,0.0
2013-05-17,35.839637756347656,0.0
2013-05-20,35.7253303527832,0.0
2013-05-21,35.4890251159668,0.0
2013-05-22,34.71918869018555,0.0
2013-05-23,34.67345428466797,0.0
2013-05-24,34.581974029541016,0.0
2013-05-28,34.66582489013672,0.0
2013-05-29,35.03445053100586,0.0
2013-05-30,35.51059341430664,0.0
2013-05-31,35.272525787353516,0.0
2013-06-03,35.188045501708984,0.0
2013-06-04,35.42610549926758,0.0
2013-06-05,34.857810974121094,0.0
2013-06-06,34.91926574707031,0.0
2013-06-07,35.487545013427734,0.0
2013-06-10,35.287879943847656,0.0
2013-06-11,34.57368087768555,0.0
2013-06-12,33.90555191040039,0.0
2013-06-13,34.635108947753906,0.0
2013-06-14,34.51991653442383,0.0
2013-06-17,35.287879943847656,0.0
2013-06-18,35.8331298828125,0.0
2013-06-19,35.356990814208984,1.0
2013-06-20,34.30488204956055,0.0
2013-06-21,34.68118667602539,0.0
2013-06-24,33.81339645385742,0.0
2013-06-25,34.189697265625,0.0
2013-06-26,34.612064361572266,0.0
2013-06-27,34.84244918823242,0.0
2013-06-28,34.60439682006836,0.0
2013-07-01,34.84244918823242,0.0
2013-07-02,34.79637908935547,0.0
2013-07-03,35.080535888671875,0.0
2013-07-05,35.487545013427734,1.0
2013-07-08,35.1419563293457,0.0
2013-07-09,35.525936126708984,0.0
2013-07-10,35.88689041137695,0.0
2013-07-11,36.862205505371094,0.0
2013-07-12,37.130985260009766,0.0
2013-07-15,37.16938400268555,0.0
2013-07-16,37.26154708862305,0.0
2013-07-17,37.369056701660156,0.0
2013-07-18,37.12332534790039,0.0
2013-07-19,36.846839904785156,0.0
2013-07-22,36.816131591796875,0.0
2013-07-23,37.15403747558594,0.0
2013-07-24,37.03883361816406,0.0
2013-07-25,37.438175201416016,0.0
2013-07-26,37.29226303100586,0.0
2013-07-29,37.246177673339844,0.0
2013-07-30,37.57640838623047,0.0
2013-07-31,37.92197799682617,0.0
2013-08-01,38.35204315185547,0.0
2013-08-02,38.29829025268555,0.0
2013-08-05,38.0755729675293,0.0
2013-08-06,37.952701568603516,0.0
2013-08-07,37.74535369873047,0.0
2013-08-08,37.70695495605469,0.0
2013-08-09,37.63016891479492,0.0
2013-08-12,37.94502258300781,0.0
2013-08-13,38.0755729675293,0.0
2013-08-14,37.53801345825195,0.0
2013-08-15,36.73165512084961,0.0
2013-08-16,37.09259033203125,0.0
2013-08-19,36.6932487487793,0.0
2013-08-20,36.74700927734375,0.0
2013-08-21,36.055843353271484,0.0
2013-08-22,36.2785530090332,0.0
2013-08-23,36.34766387939453,0.0
2013-08-26,36.26319122314453,0.0
2013-08-27,35.44915008544922,0.0
2013-08-28,35.71992874145508,0.0
2013-08-29,35.967491149902344,0.0
2013-08-30,35.805030822753906,0.0
2013-09-03,36.09901428222656,0.0
2013-09-04,36.71021270751953,0.0
2013-09-05,36.586429595947266,0.0
2013-09-06,36.39302062988281,0.0
2013-09-09,36.59416961669922,0.0
2013-09-10,37.042903900146484,1.0
2013-09-11,37.321407318115234,0.0
2013-09-12,37.10478210449219,0.0
2013-09-13,37.0970573425293,0.0
2013-09-16,37.367828369140625,0.0
2013-09-17,37.51481628417969,0.0
2013-09-18,37.522560119628906,0.0
2013-09-19,37.42972183227539,0.0
2013-09-20,37.12800216674805,0.0
2013-09-23,36.795326232910156,0.0
2013-09-24,36.93458557128906,0.0
2013-09-25,36.81079864501953,0.0
2013-09-26,36.71021270751953,0.0
2013-09-27,36.2769660949707,0.0
2013-09-30,36.40074920654297,0.0
2013-10-01,36.44716262817383,0.0
2013-10-02,36.207340240478516,0.0
2013-10-03,35.835975646972656,0.0
2013-10-04,36.35433578491211,0.0
2013-10-07,36.08355712890625,0.0
2013-10-08,35.35631561279297,0.0
2013-10-09,35.34858322143555,0.0
2013-10-10,36.0912971496582,0.0
2013-10-11,36.34660339355469,0.0
2013-10-14,36.57095718383789,0.0
2013-10-15,36.15318298339844,0.0
2013-10-16,36.54775619506836,1.0
2013-10-17,36.764373779296875,0.0
2013-10-18,36.87268829345703,0.0
2013-10-21,36.942325592041016,0.0
2013-10-22,36.85720443725586,0.0
2013-10-23,35.95975875854492,0.0
2013-10-24,36.32339096069336,0.0
2013-10-25,36.168663024902344,0.0
2013-10-28,36.73343276977539,0.0
2013-10-29,38.04091262817383,0.0
2013-10-30,37.73917770385742,0.0
2013-10-31,38.14149475097656,0.0
2013-11-01,38.43549346923828,0.0
2013-11-04,38.033180236816406,0.0
2013-11-05,38.52058410644531,0.0
2013-11-06,38.628902435302734,0.0
2013-11-07,38.017704010009766,0.0
2013-11-08,38.528316497802734,0.0
2013-11-11,38.41999816894531,0.0
2013-11-12,38.5670051574707,0.0
2013-11-13,38.95383834838867,0.0
2013-11-14,38.96156692504883,0.0
2013-11-15,39.216880798339844,0.0
2013-11-18,38.76815414428711,0.0
2013-11-19,38.25754165649414,0.0
2013-11-20,37.97128677368164,0.0
2013-11-21,38.505123138427734,0.0
2013-11-22,38.49736404418945,0.0
2013-11-25,38.41999816894531,0.0
2013-11-26,38.62115478515625,0.0
2013-11-27,37.553504943847656,0.0
2013-11-29,37.30594253540039,0.0
2013-12-02,37.4451904296875,0.0
2013-12-03,38.34263610839844,0.0
2013-12-04,37.992095947265625,0.0
2013-12-05,38.03104019165039,0.0
2013-12-06,38.381587982177734,0.0
2013-12-09,38.179046630859375,0.0
2013-12-10,38.101139068603516,0.0
2013-12-11,37.9141960144043,0.0
2013-12-12,37.47794723510742,0.0
2013-12-13,37.71164321899414,0.0
2013-12-16,37.96873474121094,0.0
2013-12-17,38.124515533447266,0.0
2013-12-18,38.77888870239258,0.0
2013-12-19,38.685401916503906,1.0
2013-12-20,38.95804977416992,0.0
2013-12-23,39.433250427246094,0.0
2013-12-24,39.4410400390625,0.0
2013-12-26,39.526737213134766,0.0
2013-12-27,39.49556350708008,0.0
2013-12-30,39.6124153137207,0.0
2013-12-31,39.67475128173828,0.0
2014-01-02,38.38938522338867,0.0
2014-01-03,38.646453857421875,0.0
2014-01-06,38.428340911865234,0.0
2014-01-07,38.63087463378906,0.0
2014-01-08,38.72434616088867,0.0
2014-01-09,38.57634735107422,0.0
2014-01-10,38.584144592285156,0.0
2014-01-13,38.06999206542969,0.0
2014-01-14,38.72434616088867,0.0
2014-01-15,38.96585464477539,0.0
2014-01-16,38.81004333496094,0.0
2014-01-17,38.467281341552734,0.0
2014-01-21,38.934688568115234,0.0
2014-01-22,39.238487243652344,0.0
2014-01-23,38.49064254760742,1.0
2014-01-24,37.587013244628906,0.0
2014-01-27,37.563636779785156,0.0
2014-01-28,37.78954315185547,0.0
2014-01-29,37.60258102416992,0.0
2014-01-30,38.0855712890625,0.0
2014-01-31,37.60258102416992,0.0
2014-02-03,36.8157844543457,0.0
2014-02-04,37.15076446533203,0.0
2014-02-05,37.27540588378906,0.0
2014-02-06,37.66490936279297,0.0
2014-02-07,38.14789581298828,0.0
2014-02-10,38.34263610839844,0.0
2014-02-11,38.755523681640625,1.0
2014-02-12,38.86457061767578,0.0
2014-02-13,39.4877815246582,0.0
2014-02-14,39.55010223388672,0.0
2014-02-18,39.9084358215332,0.0
2014-02-19,40.173301696777344,0.0
2014-02-20,40.04087448120117,0.0
2014-02-21,39.82275390625,0.0
2014-02-24,39.69811248779297,0.0
2014-02-25,39.57346725463867,0.0
2014-02-26,39.895206451416016,0.0
2014-02-27,40.044307708740234,0.0
2014-02-28,39.8795166015625,0.0
2014-03-03,39.69118118286133,0.0
2014-03-04,40.17771530151367,0.0
2014-03-05,40.20909881591797,0.0
2014-03-06,40.46805191040039,0.0
2014-03-07,40.672096252441406,0.0
2014-03-10,40.6485481262207,0.0
2014-03-11,40.4288215637207,0.0
2014-03-12,40.59360122680664,0.0
2014-03-13,39.589168548583984,0.0
2014-03-14,39.30665969848633,0.0
2014-03-17,39.769649505615234,0.0
2014-03-18,40.366031646728516,0.0
2014-03-19,40.49159622192383,0.0
2014-03-20,41.77069091796875,0.0
2014-03-21,41.77853775024414,1.0
2014-03-24,42.068885803222656,0.0
2014-03-25,41.817771911621094,0.0
2014-03-26,41.394020080566406,0.0
2014-03-27,41.2606201171875,0.0
2014-03-28,41.46465301513672,0.0
2014-03-31,41.700069427490234,0.0
2014-04-01,42.437705993652344,0.0
2014-04-02,42.4219970703125,0.0
2014-04-03,42.35923767089844,0.0
2014-04-04,41.52742004394531,0.0
2014-04-07,41.684364318847656,0.0
2014-04-08,42.34353256225586,0.0
2014-04-09,42.610347747802734,0.0
2014-04-10,41.18999099731445,1.0
2014-04-11,40.876121520996094,0.0
2014-04-14,41.16645812988281,0.0
2014-04-15,41.73146438598633,0.0
2014-04-16,40.923194885253906,0.0
2014-04-17,41.47249221801758,0.0
2014-04-21,41.5117301940918,0.0
2014-04-22,41.82560729980469,0.0
2014-04-23,41.817771911621094,0.0
2014-04-24,42.139503479003906,0.0
2014-04-25,40.35035705566406,0.0
2014-04-28,40.01292037963867,0.0
2014-04-29,40.169864654541016,0.0
2014-04-30,40.24834442138672,0.0
2014-05-01,39.8795166015625,0.0
2014-05-02,40.342498779296875,0.0
2014-05-05,40.162010192871094,0.0
2014-05-06,39.81671905517578,0.0
2014-05-07,39.86381530761719,0.0
2014-05-08,40.26401901245117,0.0
2014-05-09,40.216949462890625,0.0
2014-05-12,40.985958099365234,0.0
2014-05-13,40.38958740234375,0.0
2014-05-14,40.067832946777344,0.0
2014-05-15,39.84812927246094,0.0
2014-05-16,40.49159622192383,0.0
2014-05-19,40.789791107177734,1.0
2014-05-20,40.789791107177734,0.0
2014-05-21,40.27971267700195,0.0
2014-05-22,40.60145950317383,0.0
2014-05-23,41.111515045166016,0.0
2014-05-27,41.60590362548828,0.0
2014-05-28,41.44784927368164,0.0
2014-05-29,41.2977180480957,0.0
2014-05-30,41.39253616333008,0.0
2014-06-02,41.384620666503906,0.0
2014-06-03,41.46366882324219,0.0
2014-06-04,41.479454040527344,0.0
2014-06-05,41.54267883300781,0.0
2014-06-06,41.63749694824219,0.0
2014-06-09,43.70792770385742,0.0
2014-06-10,44.087249755859375,0.0
2014-06-11,43.96080780029297,0.0
2014-06-12,43.81064987182617,0.0
2014-06-13,43.95289611816406,0.0
2014-06-16,43.85806655883789,0.0
2014-06-17,44.01611328125,0.0
2014-06-18,43.565696716308594,0.0
2014-06-19,43.407649993896484,0.0
2014-06-20,43.217987060546875,0.0
2014-06-23,43.083641052246094,0.0
2014-06-24,42.56998062133789,0.0
2014-06-25,42.47515869140625,0.0
2014-06-26,42.31710433959961,0.0
2014-06-27,42.27760314941406,0.0
2014-06-30,42.7280387878418,0.0
2014-07-01,43.083641052246094,0.0
2014-07-02,42.99671936035156,0.0
2014-07-03,43.32860565185547,0.0
2014-07-07,43.19425964355469,0.0
2014-07-08,43.0283203125,0.0
2014-07-09,43.25748825073242,0.0
2014-07-10,42.98881149291992,0.0
2014-07-11,42.901878356933594,0.0
2014-07-14,42.55418014526367,0.0
2014-07-15,42.459354400634766,0.0
2014-07-16,42.41194534301758,0.0
2014-07-17,41.83506393432617,0.0
2014-07-18,42.26178741455078,0.0
2014-07-21,42.24599075317383,0.0
2014-07-22,42.47515869140625,0.0
2014-07-23,40.52326583862305,0.0
2014-07-24,40.5390739440918,0.0
2014-07-25,39.63821792602539,0.0
2014-07-28,39.9463996887207,0.0
2014-07-29,39.922706604003906,0.0
2014-07-30,40.19137191772461,0.0
2014-07-31,39.219390869140625,0.0
2014-08-01,39.5196647644043,0.0
2014-08-04,39.26680374145508,0.0
2014-08-05,39.235191345214844,0.0
2014-08-06,39.55128479003906,0.0
2014-08-07,38.66622543334961,0.0
2014-08-08,39.148258209228516,0.0
2014-08-11,39.45645523071289,0.0
2014-08-12,39.654022216796875,0.0
2014-08-13,39.93059539794922,0.0
2014-08-14,40.096534729003906,1.0
2014-08-15,40.444252014160156,0.0
2014-08-18,40.57069778442383,0.0
2014-08-19,40.87097930908203,0.0
2014-08-20,41.22657775878906,0.0
2014-08-21,41.51896667480469,0.0
2014-08-22,41.48736572265625,0.0
2014-08-25,41.03692626953125,0.0
2014-08-26,41.258201599121094,0.0
2014-08-27,40.325721740722656,0.0
2014-08-28,40.531192779541016,0.0
2014-08-29,40.39684295654297,0.0
2014-09-02,40.001712799072266,0.0
2014-09-03,40.001705169677734,0.0
2014-09-04,40.129085540771484,0.0
2014-09-05,39.97782897949219,0.0
2014-09-08,39.85843276977539,0.0
2014-09-09,39.643489837646484,0.0
2014-09-10,39.51612854003906,0.0
2014-09-11,39.61164474487305,0.0
2014-09-12,39.10218811035156,0.0
2014-09-15,38.903160095214844,0.0
2014-09-16,39.165855407714844,0.0
2014-09-17,39.50816345214844,0.0
2014-09-18,40.0335693359375,0.0
2014-09-19,39.79475784301758,0.0
2014-09-22,39.7390251159668,1.0
2014-09-23,39.540000915527344,0.0
2014-09-24,39.802711486816406,0.0
2014-09-25,39.51612854003906,0.0
2014-09-26,39.82658767700195,0.0
2014-09-29,39.65145492553711,0.0
2014-09-30,39.396728515625,0.0
2014-10-01,38.409603118896484,0.0
2014-10-02,38.0513916015625,0.0
2014-10-03,37.876258850097656,0.0
2014-10-06,37.53396987915039,0.0
2014-10-07,36.7856559753418,0.0
2014-10-08,38.0115966796875,0.0
2014-10-09,36.889156341552734,0.0
2014-10-10,34.58855056762695,0.0
2014-10-13,34.309932708740234,0.0
2014-10-14,34.59651565551758,0.0
2014-10-15,35.12190628051758,0.0
2014-10-16,35.50401306152344,0.0
2014-10-17,35.77467346191406,0.0
2014-10-20,36.077171325683594,0.0
2014-10-21,37.191646575927734,0.0
2014-10-22,36.6344108581543,1.0
2014-10-23,36.95283126831055,0.0
2014-10-24,37.295135498046875,0.0
2014-10-27,37.11204147338867,0.0
2014-10-28,37.406585693359375,0.0
2014-10-29,37.66130828857422,0.0
2014-10-30,37.41453170776367,0.0
2014-10-31,39.50022506713867,0.0
2014-11-03,39.579795837402344,0.0
2014-11-04,39.36488342285156,0.0
2014-11-05,39.82658767700195,0.0
2014-11-06,39.97782897949219,0.0
2014-11-07,39.99375915527344,0.0
2014-11-10,40.13704299926758,0.0
2014-11-11,39.91415023803711,0.0
2014-11-12,40.00967025756836,0.0
2014-11-13,39.969879150390625,0.0
2014-11-14,40.29625701904297,0.0
2014-11-17,40.08131790161133,0.0
2014-11-18,40.80573654174805,0.0
2014-11-19,40.39973449707031,0.0
2014-11-20,40.73408889770508,0.0
2014-11-21,41.116207122802734,0.0
2014-11-24,41.2356071472168,0.0
2014-11-25,41.1639518737793,0.0
2014-11-26,43.432708740234375,0.0
2014-11-28,43.49638748168945,0.0
2014-12-01,43.50435256958008,0.0
2014-12-02,43.95014190673828,0.0
2014-12-03,45.28853225708008,0.0
2014-12-04,45.37667465209961,0.0
2014-12-05,45.953712463378906,0.0
2014-12-08,45.02406311035156,0.0
2014-12-09,45.17631912231445,0.0
2014-12-10,44.59128952026367,0.0
2014-12-11,45.08015823364258,0.0
2014-12-12,44.8156852722168,0.0
2014-12-15,44.41497039794922,0.0
2014-12-16,43.902069091796875,0.0
2014-12-17,44.871795654296875,0.0
2014-12-18,45.72931671142578,0.0
2014-12-19,45.480865478515625,0.0
2014-12-22,46.07392120361328,0.0
2014-12-23,45.408748626708984,0.0
2014-12-24,45.448814392089844,0.0
2014-12-26,45.10419845581055,0.0
2014-12-29,44.94392776489258,0.0
2014-12-30,44.52716827392578,0.0
2014-12-31,44.4951057434082,0.0
2015-01-02,44.51115798950195,0.0
2015-01-05,43.70170211791992,0.0
2015-01-06,42.67587661743164,0.0
2015-01-07,43.12468719482422,0.0
2015-01-08,43.886024475097656,0.0
2015-01-09,43.85398483276367,0.0
2015-01-12,43.4131965637207,0.0
2015-01-13,42.91630935668945,0.0
2015-01-14,42.884254455566406,0.0
2015-01-15,42.259132385253906,0.0
2015-01-16,43.02850341796875,0.0
2015-01-20,43.58951187133789,0.0
2015-01-21,43.74177551269531,0.0
2015-01-22,43.878021240234375,0.0
2015-01-23,43.6856803894043,0.0
2015-01-26,43.80590057373047,0.0
2015-01-27,42.772064208984375,0.0
2015-01-28,42.419429779052734,0.0
2015-01-29,42.65985870361328,0.0
2015-01-30,41.762264251708984,0.0
2015-02-02,41.91452407836914,0.0
2015-02-03,43.2529182434082,0.0
2015-02-04,43.100643157958984,0.0
2015-02-05,44.03829574584961,0.0
2015-02-06,44.086387634277344,1.0
2015-02-09,43.72574996948242,0.0
2015-02-10,44.51115798950195,0.0
2015-02-11,44.57526779174805,0.0
2015-02-12,45.456844329833984,0.0
2015-02-13,45.7213020324707,0.0
2015-02-17,47.131797790527344,0.0
2015-02-18,46.78718948364258,0.0
2015-02-19,47.00357437133789,0.0
2015-02-20,47.38827133178711,0.0
2015-02-23,47.26805114746094,0.0
2015-02-24,47.772945404052734,0.0
2015-02-25,47.59544372558594,0.0
2015-02-26,47.506690979003906,0.0
2015-02-27,47.232364654541016,0.0
2015-03-02,48.23284149169922,0.0
2015-03-03,47.39371871948242,0.0
2015-03-04,47.11940383911133,0.0
2015-03-05,47.15974807739258,0.0
2015-03-06,46.74018096923828,0.0
2015-03-09,47.167816162109375,0.0
2015-03-10,46.15119934082031,0.0
2015-03-11,46.22383117675781,0.0
2015-03-12,46.40131759643555,0.0
2015-03-13,46.41745376586914,0.0
2015-03-16,47.442134857177734,0.0
2015-03-17,47.40986251831055,0.0
2015-03-18,48.14409255981445,0.0
2015-03-19,48.41033935546875,0.0
2015-03-20,49.27366256713867,1.0
2015-03-23,48.733089447021484,0.0
2015-03-24,48.700809478759766,0.0
2015-03-25,46.44166946411133,0.0
2015-03-26,46.328697204589844,0.0
2015-03-27,47.47440719604492,0.0
2015-03-30,52.29124069213867,0.0
2015-03-31,50.83085250854492,1.0
2015-04-01,50.483924865722656,0.0
2015-04-02,50.21767044067383,0.0
2015-04-06,50.65337371826172,0.0
2015-04-07,51.02451705932617,0.0
2015-04-08,51.37145233154297,0.0
2015-04-09,51.66191101074219,0.0
2015-04-10,51.83134841918945,0.0
2015-04-13,51.43600082397461,0.0
2015-04-14,50.483924865722656,0.0
2015-04-15,51.58122253417969,0.0
2015-04-16,51.726463317871094,0.0
2015-04-17,51.16972732543945,0.0
2015-04-20,51.411781311035156,0.0
2015-04-21,51.93625259399414,0.0
2015-04-22,52.03306198120117,0.0
2015-04-23,51.306907653808594,0.0
2015-04-24,50.4516487121582,0.0
2015-04-27,50.56460952758789,0.0
2015-04-28,51.00837707519531,0.0
2015-04-29,50.68563461303711,0.0
2015-04-30,49.894927978515625,0.0
2015-05-01,51.0487060546875,0.0
2015-05-04,51.032569885253906,0.0
2015-05-05,49.83845901489258,0.0
2015-05-06,49.733577728271484,0.0
2015-05-07,50.05630111694336,0.0
2015-05-08,50.604942321777344,0.0
2015-05-11,50.54041290283203,0.0
2015-05-12,50.08857345581055,0.0
2015-05-13,50.21767044067383,0.0
2015-05-14,51.15360641479492,0.0
2015-05-15,50.976104736328125,0.0
2015-05-18,51.121341705322266,0.0
2015-05-19,51.193939208984375,0.0
2015-05-20,53.3966178894043,1.0
2015-05-21,52.839900970458984,0.0
2015-05-22,54.13889694213867,0.0
2015-05-26,53.93719482421875,0.0
2015-05-27,55.43070602416992,0.0
2015-05-28,55.44696044921875,0.0
2015-05-29,55.16284942626953,0.0
2015-06-01,55.804100036621094,0.0
2015-06-02,54.95993423461914,0.0
2015-06-03,54.6190299987793,0.0
2015-06-04,54.33494567871094,0.0
2015-06-05,54.6839599609375,0.0
2015-06-08,53.531341552734375,0.0
2015-06-09,53.320316314697266,0.0
2015-06-10,54.968055725097656,0.0
2015-06-11,54.56220626831055,0.0
2015-06-12,53.782981872558594,0.0
2015-06-15,54.14012145996094,0.0
2015-06-16,54.08329391479492,0.0
2015-06-17,54.5703239440918,0.0
2015-06-18,55.438846588134766,0.0
2015-06-19,55.12227249145508,0.0
2015-06-22,55.21155548095703,0.0
2015-06-23,54.81383514404297,0.0
2015-06-24,54.2537727355957,0.0
2015-06-25,54.05083084106445,0.0
2015-06-26,53.40959548950195,0.0
2015-06-29,51.9404182434082,0.0
2015-06-30,52.10276794433594,0.0
2015-07-01,52.41120529174805,0.0
2015-07-02,52.256980895996094,0.0
2015-07-06,51.61574172973633,0.0
2015-07-07,51.44529724121094,0.0
2015-07-08,50.276451110839844,0.0
2015-07-09,49.42417526245117,0.0
2015-07-10,49.927425384521484,0.0
2015-07-13,50.219627380371094,0.0
2015-07-14,50.82839584350586,0.0
2015-07-15,51.07190704345703,0.0
2015-07-16,50.99885177612305,0.0
2015-07-17,50.698524475097656,0.0
2015-07-20,50.31703186035156,0.0
2015-07-21,50.39009094238281,0.0
2015-07-22,47.60596466064453,0.0
2015-07-23,48.742340087890625,0.0
2015-07-24,47.47610092163086,0.0
2015-07-27,46.98908996582031,0.0
2015-07-28,47.88193893432617,0.0
2015-07-29,47.71961212158203,0.0
2015-07-30,47.74396514892578,0.0
2015-07-31,47.34622573852539,0.0
2015-08-03,47.62221145629883,0.0
2015-08-04,47.467979431152344,0.0
2015-08-05,49.26994705200195,0.0
2015-08-06,47.78453826904297,1.0
2015-08-07,48.385196685791016,0.0
2015-08-10,49.586509704589844,0.0
2015-08-11,48.198516845703125,0.0
2015-08-12,48.490726470947266,0.0
2015-08-13,47.89006805419922,0.0
2015-08-14,47.76019287109375,0.0
2015-08-17,48.29590606689453,0.0
2015-08-18,46.9971923828125,0.0
2015-08-19,47.38681411743164,0.0
2015-08-20,43.685482025146484,0.0
2015-08-21,43.65301513671875,0.0
2015-08-24,41.940311431884766,0.0
2015-08-25,41.0799446105957,0.0
2015-08-26,44.36076354980469,0.0
2015-08-27,46.209815979003906,0.0
2015-08-28,46.185272216796875,0.0
2015-08-31,45.70254135131836,1.0
2015-09-01,43.81258773803711,0.0
2015-09-02,44.663490295410156,0.0
2015-09-03,45.13801956176758,0.0
2015-09-04,44.148040771484375,0.0
2015-09-08,47.265235900878906,0.0
2015-09-09,46.03799057006836,0.0
2015-09-10,45.825279235839844,0.0
2015-09-11,46.10344314575195,0.0
2015-09-14,47.09342956542969,0.0
2015-09-15,47.69886779785156,0.0
2015-09-16,47.82160186767578,0.0
2015-09-17,47.396141052246094,0.0
2015-09-18,46.36526107788086,0.0
2015-09-21,46.33254623413086,0.0
2015-09-22,45.14619827270508,0.0
2015-09-23,45.16256332397461,0.0
2015-09-24,44.18076705932617,0.0
2015-09-25,44.54075241088867,0.0
2015-09-28,43.74714660644531,0.0
2015-09-29,44.2216796875,0.0
2015-09-30,46.15254211425781,0.0
2015-10-01,44.94984817504883,0.0
2015-10-02,45.5634651184082,0.0
2015-10-05,46.987056732177734,1.0
2015-10-06,46.545257568359375,0.0
2015-10-07,47.34705352783203,0.0
2015-10-08,47.224342346191406,0.0
2015-10-09,46.381629943847656,0.0
2015-10-12,46.291629791259766,0.0
2015-10-13,45.858001708984375,0.0
2015-10-14,49.899723052978516,0.0
2015-10-15,50.13698959350586,0.0
2015-10-16,49.24519348144531,0.0
2015-10-19,49.269744873046875,0.0
2015-10-20,49.41700744628906,0.0
2015-10-21,50.52153396606445,0.0
2015-10-22,51.87149429321289,0.0
2015-10-23,52.05148696899414,0.0
2015-10-26,50.34153747558594,0.0
2015-10-27,50.22698974609375,0.0
2015-10-28,50.61152267456055,0.0
2015-10-29,49.073394775390625,0.0
2015-10-30,49.18791198730469,0.0
2015-11-02,49.367916107177734,0.0
2015-11-03,49.62973403930664,0.0
2015-11-04,49.49065017700195,0.0
2015-11-05,49.3842887878418,0.0
2015-11-06,50.48061752319336,0.0
2015-11-09,49.87517547607422,0.0
2015-11-10,49.0651969909668,0.0
2015-11-11,49.0079345703125,0.0
2015-11-12,48.64793395996094,0.0
2015-11-13,47.55978775024414,0.0
2015-11-16,47.846134185791016,0.0
2015-11-17,48.51703643798828,0.0
2015-11-18,49.695194244384766,0.0
2015-11-19,48.90156555175781,0.0
2015-11-20,48.615203857421875,0.0
2015-11-23,46.47162628173828,0.0
2015-11-24,49.4333610534668,0.0
2015-11-25,49.29426956176758,0.0
2015-11-27,49.45792007446289,0.0
2015-11-30,50.42335891723633,0.0
2015-12-01,50.37424850463867,1.0
2015-12-02,50.02014923095703,0.0
2015-12-03,48.6284065246582,0.0
2015-12-04,48.760169982910156,0.0
2015-12-07,48.175479888916016,0.0
2015-12-08,47.78019332885742,0.0
2015-12-09,46.65198516845703,0.0
2015-12-10,47.06373977661133,0.0
2015-12-11,46.8825569152832,0.0
2015-12-14,46.79197692871094,0.0
2015-12-15,46.569637298583984,0.0
2015-12-16,47.37666702270508,0.0
2015-12-17,46.21550750732422,0.0
2015-12-18,45.43318176269531,0.0
2015-12-21,45.97670364379883,0.0
2015-12-22,46.133174896240234,0.0
2015-12-23,46.511985778808594,0.0
2015-12-24,46.775508880615234,0.0
2015-12-28,46.487274169921875,0.0
2015-12-29,47.195491790771484,0.0
2015-12-30,46.569637298583984,1.0
2015-12-31,45.55671310424805,0.0
2016-01-04,44.83201599121094,0.0
2016-01-05,44.50259780883789,0.0
2016-01-06,42.60852813720703,0.0
2016-01-07,41.521507263183594,0.0
2016-01-08,41.159149169921875,0.0
2016-01-11,42.139129638671875,0.0
2016-01-12,42.534420013427734,0.0
2016-01-13,41.25796890258789,0.0
2016-01-14,41.58737564086914,0.0
2016-01-15,41.02739715576172,0.0
2016-01-19,40.67328643798828,0.0
2016-01-20,41.65327072143555,0.0
2016-01-21,41.612091064453125,0.0
2016-01-22,42.312068939208984,0.0
2016-01-25,42.04030990600586,1.0
2016-01-26,42.23795700073242,0.0
2016-01-27,42.229713439941406,0.0
2016-01-28,42.625,0.0
2016-01-29,44.35438919067383,0.0
2016-02-01,43.786155700683594,0.0
2016-02-02,42.27913284301758,0.0
2016-02-03,42.312068939208984,0.0
2016-02-04,42.550880432128906,0.0
2016-02-05,41.02739715576172,0.0
2016-02-08,40.4838752746582,0.0
2016-02-09,40.60740661621094,0.0
2016-02-10,40.31916427612305,0.0
2016-02-11,40.22035598754883,0.0
2016-02-12,40.87916946411133,0.0
2016-02-16,42.88029098510742,0.0
2016-02-17,43.42381286621094,1.0
2016-02-18,42.855587005615234,0.0
2016-02-19,42.90501022338867,0.0
2016-02-22,43.32499313354492,0.0
2016-02-23,42.37795639038086,0.0
2016-02-24,43.01727294921875,0.0
2016-02-25,43.99701690673828,0.0
2016-02-26,44.370643615722656,0.0
2016-02-29,43.99701690673828,0.0
2016-03-01,45.416812896728516,0.0
2016-03-02,46.00631332397461,0.0
2016-03-03,46.056148529052734,0.0
2016-03-04,46.31352615356445,0.0
2016-03-07,46.90303039550781,0.0
2016-03-08,45.94820022583008,0.0
2016-03-09,45.60778045654297,0.0
2016-03-10,45.765533447265625,0.0
2016-03-11,46.44636154174805,0.0
2016-03-14,46.22218704223633,0.0
2016-03-15,46.58750915527344,0.0
2016-03-16,47.21022415161133,0.0
2016-03-17,48.048824310302734,0.0
2016-03-18,48.99535369873047,0.0
2016-03-21,48.86248779296875,0.0
2016-03-22,48.588523864746094,0.0
2016-03-23,48.43076705932617,0.0
2016-03-24,48.68814468383789,0.0
2016-03-28,48.42243194580078,0.0
2016-03-29,48.82099914550781,0.0
2016-03-30,49.0783805847168,0.0
2016-03-31,49.14480972290039,0.0
2016-04-01,48.97043991088867,0.0
2016-04-04,48.78779220581055,0.0
2016-04-05,48.555301666259766,0.0
2016-04-06,49.11991500854492,0.0
2016-04-07,48.455665588378906,0.0
2016-04-08,48.82099914550781,0.0
2016-04-11,48.654937744140625,0.0
2016-04-12,48.82099914550781,0.0
2016-04-13,49.65128707885742,0.0
2016-04-14,49.35239028930664,0.0
2016-04-15,48.70475387573242,0.0
2016-04-18,48.73796844482422,0.0
2016-04-19,48.34772872924805,0.0
2016-04-20,49.13650894165039,0.0
2016-04-21,48.82929992675781,0.0
2016-04-22,48.555301666259766,0.0
2016-04-25,48.5137939453125,0.0
2016-04-26,49.261043548583984,0.0
2016-04-27,49.5184326171875,0.0
2016-04-28,48.04053497314453,0.0
2016-04-29,46.761878967285156,0.0
2016-05-02,47.33477020263672,0.0
2016-05-03,46.6871452331543,0.0
2016-05-04,46.35505294799805,0.0
2016-05-05,46.238792419433594,0.0
2016-05-06,46.056148529052734,0.0
2016-05-09,45.856868743896484,0.0
2016-05-10,46.579219818115234,0.0
2016-05-11,46.28860092163086,0.0
2016-05-12,45.582862854003906,0.0
2016-05-13,45.433414459228516,0.0
2016-05-16,46.022911071777344,0.0
2016-05-17,45.97309875488281,0.0
2016-05-18,46.34672164916992,0.0
2016-05-19,46.247100830078125,0.0
2016-05-20,46.94454574584961,0.0
2016-05-23,47.1272087097168,1.0
2016-05-24,48.33941650390625,0.0
2016-05-25,48.73249435424805,0.0
2016-05-26,48.749229431152344,0.0
2016-05-27,48.874664306640625,0.0
2016-05-31,48.924842834472656,0.0
2016-06-01,49.0503044128418,0.0
2016-06-02,48.7408561706543,0.0
2016-06-03,48.59867858886719,0.0
2016-06-06,47.74563980102539,0.0
2016-06-07,48.33106994628906,0.0
2016-06-08,48.32270431518555,0.0
2016-06-09,48.138702392578125,0.0
2016-06-10,47.63690948486328,0.0
2016-06-13,47.5616340637207,0.0
2016-06-14,47.72890853881836,0.0
2016-06-15,47.5616340637207,0.0
2016-06-16,47.58673095703125,0.0
2016-06-17,46.825679779052734,0.0
2016-06-20,47.494728088378906,0.0
2016-06-21,47.720550537109375,0.0
2016-06-22,47.54491424560547,0.0
2016-06-23,48.59867858886719,0.0
2016-06-24,46.03117752075195,0.0
2016-06-27,43.948734283447266,0.0
2016-06-28,45.420654296875,0.0
2016-06-29,46.51624298095703,0.0
2016-06-30,47.369293212890625,0.0
2016-07-01,47.360923767089844,0.0
2016-07-05,46.298797607421875,0.0
2016-07-06,46.38243103027344,0.0
2016-07-07,46.792236328125,0.0
2016-07-08,48.289241790771484,0.0
2016-07-11,48.71577453613281,1.0
2016-07-12,49.334651947021484,0.0
2016-07-13,49.77790451049805,0.0
2016-07-14,50.19606018066406,0.0
2016-07-15,50.30477523803711,0.0
2016-07-18,50.5389518737793,0.0
2016-07-19,50.4051513671875,0.0
2016-07-20,50.75639724731445,0.0
2016-07-21,50.137516021728516,0.0
2016-07-22,50.51386260986328,0.0
2016-07-25,50.62258529663086,0.0
2016-07-26,52.57958984375,0.0
2016-07-27,52.964298248291016,0.0
2016-07-28,53.708614349365234,0.0
2016-07-29,53.382442474365234,0.0
2016-08-01,53.50790023803711,0.0
2016-08-02,52.55449676513672,0.0
2016-08-03,52.57958984375,0.0
2016-08-04,52.97264862060547,0.0
2016-08-05,53.265357971191406,0.0
2016-08-08,53.0562744140625,0.0
2016-08-09,53.374088287353516,0.0
2016-08-10,53.349002838134766,0.0
2016-08-11,53.64170837402344,0.0
2016-08-12,53.725341796875,0.0
2016-08-15,54.58675765991211,0.0
2016-08-16,54.26059341430664,0.0
2016-08-17,53.69188690185547,0.0
2016-08-18,53.63335418701172,0.0
2016-08-19,53.64170837402344,0.0
2016-08-22,53.39081954956055,0.0
2016-08-23,53.357357025146484,0.0
2016-08-24,52.78490447998047,0.0
2016-08-25,52.80172348022461,0.0
2016-08-26,53.0037727355957,0.0
2016-08-29,52.944854736328125,0.0
2016-08-30,52.953269958496094,0.0
2016-08-31,52.66703414916992,0.0
2016-09-01,53.08797073364258,0.0
2016-09-02,53.16373062133789,0.0
2016-09-06,52.810150146484375,0.0
2016-09-07,51.900936126708984,0.0
2016-09-08,51.69889450073242,0.0
2016-09-09,50.19195556640625,0.0
2016-09-12,51.0338249206543,0.0
2016-09-13,50.89070510864258,0.0
2016-09-14,51.286376953125,0.0
2016-09-15,52.7427978515625,0.0
2016-09-16,52.23767852783203,0.0
2016-09-19,52.58283996582031,0.0
2016-09-20,52.4818229675293,0.0
2016-09-21,53.29001998901367,0.0
2016-09-22,53.609920501708984,1.0
2016-09-23,53.2310791015625,0.0
2016-09-26,52.43130874633789,0.0
2016-09-27,53.71935272216797,0.0
2016-09-28,53.82038879394531,0.0
2016-09-29,53.66043472290039,0.0
2016-09-30,54.25815963745117,0.0
2016-10-03,54.089778900146484,0.0
2016-10-04,54.081363677978516,0.0
2016-10-05,54.45178985595703,0.0
2016-10-06,54.50229263305664,0.0
2016-10-07,54.23290252685547,0.0
2016-10-10,53.332115173339844,0.0
2016-10-11,52.279781341552734,0.0
2016-10-12,51.51368713378906,0.0
2016-10-13,51.109580993652344,0.0
2016-10-14,52.24610137939453,0.0
2016-10-17,51.94302749633789,0.0
2016-10-18,52.313438415527344,0.0
2016-10-19,52.11982345581055,0.0
2016-10-20,53.43312454223633,0.0
2016-10-21,52.96168518066406,0.0
2016-10-24,53.89614486694336,0.0
2016-10-25,53.92982482910156,1.0
2016-10-26,53.40786361694336,0.0
2016-10-27,53.26475143432617,0.0
2016-10-28,53.48363494873047,0.0
2016-10-31,53.96350860595703,0.0
2016-11-01,53.54257583618164,0.0
2016-11-02,53.59307861328125,0.0
2016-11-03,53.75303649902344,0.0
2016-11-04,53.39945602416992,0.0
2016-11-07,54.18238067626953,0.0
2016-11-08,54.59489440917969,0.0
2016-11-09,54.695919036865234,0.0
2016-11-10,54.089778900146484,0.0
2016-11-11,54.99057388305664,0.0
2016-11-14,55.9503059387207,0.0
2016-11-15,57.42357635498047,0.0
2016-11-16,57.145748138427734,0.0
2016-11-17,57.42357635498047,0.0
2016-11-18,57.6424446105957,0.0
2016-11-21,58.77896499633789,0.0
2016-11-22,61.36349105834961,0.0
2016-11-23,61.952789306640625,0.0
2016-11-25,62.466312408447266,0.0
2016-11-28,62.432674407958984,0.0
2016-11-29,62.7441520690918,0.0
2016-11-30,62.854217529296875,0.0
2016-12-01,58.42631530761719,0.0
2016-12-02,59.35759735107422,0.0
2016-12-05,59.77246856689453,0.0
2016-12-06,60.111122131347656,0.0
2016-12-07,61.75358963012695,0.0
2016-12-08,62.549415588378906,0.0
2016-12-09,61.922916412353516,0.0
2016-12-12,61.719722747802734,0.0
2016-12-13,61.8890380859375,0.0
2016-12-14,61.41494369506836,0.0
2016-12-15,62.320831298828125,0.0
2016-12-16,61.033931732177734,0.0
2016-12-19,61.6435432434082,0.0
2016-12-20,62.14302062988281,0.0
2016-12-21,62.312355041503906,0.0
2016-12-22,62.18537139892578,0.0
2016-12-23,62.51554489135742,0.0
2016-12-27,62.91347885131836,0.0
2016-12-28,62.27848434448242,0.0
2016-12-29,62.29543685913086,0.0
2016-12-30,61.482669830322266,0.0
2017-01-03,61.38954544067383,0.0
2017-01-04,61.262542724609375,0.0
2017-01-05,60.38205337524414,0.0
2017-01-06,60.61910629272461,0.0
2017-01-09,60.90695571899414,0.0
2017-01-10,61.25407028198242,0.0
2017-01-11,61.482669830322266,0.0
2017-01-12,61.14400863647461,0.0
2017-01-13,61.52499008178711,0.0
2017-01-17,61.194801330566406,0.0
2017-01-18,61.81284713745117,0.0
2017-01-19,61.330284118652344,0.0
2017-01-20,61.702789306640625,0.0
2017-01-23,61.618125915527344,0.0
2017-01-24,62.23617172241211,0.0
2017-01-25,63.108219146728516,0.0
2017-01-26,62.820350646972656,1.0
2017-01-27,65.13166809082031,0.0
2017-01-30,64.58135986328125,0.0
2017-01-31,63.44685745239258,0.0
2017-02-01,64.48820495605469,0.0
2017-02-02,63.69239044189453,0.0
2017-02-03,63.937896728515625,0.0
2017-02-06,63.94636917114258,0.0
2017-02-07,64.60674285888672,0.0
2017-02-08,65.59730529785156,0.0
2017-02-09,64.77608489990234,0.0
2017-02-10,64.79302215576172,0.0
2017-02-13,65.96983337402344,0.0
2017-02-14,65.902099609375,0.0
2017-02-15,69.0854263305664,0.0
2017-02-16,69.39868927001953,0.0
2017-02-17,69.8304672241211,0.0
2017-02-21,70.11833190917969,0.0
2017-02-22,69.85445404052734,0.0
2017-02-23,69.47138214111328,0.0
2017-02-24,69.53096771240234,0.0
2017-02-27,70.04173278808594,0.0
2017-02-28,69.7437973022461,0.0
2017-03-01,71.30158996582031,0.0
2017-03-02,71.20794677734375,0.0
2017-03-03,70.807861328125,0.0
2017-03-06,71.37820434570312,0.0
2017-03-07,71.0036392211914,0.0
2017-03-08,71.06322479248047,0.0
2017-03-09,70.79934692382812,0.0
2017-03-10,69.97362518310547,0.0
2017-03-13,70.4503402709961,0.0
2017-03-14,71.2334976196289,0.0
2017-03-15,71.08878326416016,0.0
2017-03-16,70.41626739501953,0.0
2017-03-17,70.8759765625,0.0
2017-03-20,70.56951141357422,0.0
2017-03-21,69.63311004638672,0.0
2017-03-22,69.90552520751953,0.0
2017-03-23,69.41180419921875,0.0
2017-03-24,69.49689483642578,0.0
2017-03-27,69.29261779785156,0.0
2017-03-28,69.97362518310547,0.0
2017-03-29,69.72676086425781,0.0
2017-03-30,69.97362518310547,0.0
2017-03-31,69.76081848144531,0.0
2017-04-03,69.15641021728516,0.0
2017-04-04,69.15641021728516,0.0
2017-04-05,68.13490295410156,0.0
2017-04-06,68.37327575683594,0.0
2017-04-07,68.1093521118164,0.0
2017-04-10,67.53048706054688,0.0
2017-04-11,66.4664535522461,0.0
2017-04-12,65.43640899658203,0.0
2017-04-13,65.12995910644531,0.0
2017-04-17,65.02780151367188,0.0
2017-04-18,65.89608764648438,0.0
2017-04-19,65.53856658935547,0.0
2017-04-20,66.96015930175781,0.0
2017-04-21,66.08336639404297,0.0
2017-04-24,67.4368667602539,0.0
2017-04-25,67.54753112792969,0.0
2017-04-26,66.38130950927734,1.0
2017-04-27,66.27064514160156,0.0
2017-04-28,64.86604309082031,0.0
2017-05-01,64.88309478759766,0.0
2017-05-02,64.27870178222656,0.0
2017-05-03,64.35530090332031,0.0
2017-05-04,64.40637969970703,0.0
2017-05-05,64.51703643798828,0.0
2017-05-08,65.01927185058594,0.0
2017-05-09,66.823974609375,0.0
2017-05-10,67.275146484375,1.0
2017-05-11,66.77288818359375,0.0
2017-05-12,66.93462371826172,0.0
2017-05-15,68.27961730957031,0.0
2017-05-16,68.99466705322266,0.0
2017-05-17,66.75584411621094,0.0
2017-05-18,68.50945281982422,0.0
2017-05-19,69.15641021728516,0.0
2017-05-22,69.87998962402344,0.0
2017-05-23,69.76932525634766,0.0
2017-05-24,69.90552520751953,0.0
2017-05-25,70.09281158447266,0.0
2017-05-26,70.4928970336914,0.0
2017-05-30,72.18690490722656,0.0
2017-05-31,73.00411987304688,0.0
2017-06-01,69.9821548461914,0.0
2017-06-02,68.87550354003906,0.0
2017-06-05,67.03677368164062,0.0
2017-06-06,68.18596649169922,0.0
2017-06-07,69.1961441040039,0.0
2017-06-08,70.57441711425781,0.0
2017-06-09,67.28711700439453,0.0
2017-06-12,68.26300811767578,0.0
2017-06-13,69.53857421875,0.0
2017-06-14,69.29029846191406,0.0
2017-06-15,68.2716064453125,0.0
2017-06-16,68.51985168457031,0.0
2017-06-19,68.80233764648438,0.0
2017-06-20,67.80075073242188,0.0
2017-06-21,68.4684829711914,0.0
2017-06-22,69.6156234741211,0.0
2017-06-23,69.8125228881836,0.0
2017-06-26,68.97356414794922,0.0
2017-06-27,66.89329528808594,0.0
2017-06-28,67.80075073242188,0.0
2017-06-29,66.55086517333984,0.0
2017-06-30,66.60227966308594,0.0
2017-07-03,65.15548706054688,0.0
2017-07-05,66.55086517333984,0.0
2017-07-06,66.19989776611328,0.0
2017-07-07,67.1758041381836,0.0
2017-07-10,67.3984146118164,0.0
2017-07-11,68.36576080322266,0.0
2017-07-12,68.80233764648438,0.0
2017-07-13,68.71672821044922,1.0
2017-07-14,69.8125228881836,0.0
2017-07-17,69.41871643066406,0.0
2017-07-18,69.46153259277344,0.0
2017-07-19,68.80233764648438,0.0
2017-07-20,69.2132568359375,0.0
2017-07-21,67.59529876708984,0.0
2017-07-24,67.41551208496094,0.0
2017-07-25,68.0746841430664,0.0
2017-07-26,69.10196685791016,0.0
2017-07-27,68.10038757324219,1.0
2017-07-28,67.8349838256836,0.0
2017-07-31,67.63809967041016,0.0
2017-08-01,67.58672332763672,0.0
2017-08-02,67.4754409790039,0.0
2017-08-03,66.72213745117188,0.0
2017-08-04,66.58515167236328,0.0
2017-08-07,67.51824951171875,0.0
2017-08-08,67.60384368896484,0.0
2017-08-09,66.75634765625,0.0
2017-08-10,65.7718505859375,0.0
2017-08-11,66.80769348144531,0.0
2017-08-14,68.39999389648438,0.0
2017-08-15,68.45137023925781,0.0
2017-08-16,68.53699493408203,1.0
2017-08-17,66.39679718017578,0.0
2017-08-18,66.55086517333984,0.0
2017-08-21,66.51664733886719,0.0
2017-08-22,67.7750473022461,0.0
2017-08-23,67.68944549560547,1.0
2017-08-24,67.86067962646484,0.0
2017-08-25,67.60384368896484,0.0
2017-08-28,68.00621032714844,0.0
2017-08-29,68.10038757324219,0.0
2017-08-30,71.67020416259766,0.0
2017-08-31,71.62738037109375,0.0
2017-09-01,72.23518371582031,0.0
2017-09-05,71.05381774902344,0.0
2017-09-06,70.63435363769531,0.0
2017-09-07,69.80802154541016,0.0
2017-09-08,69.23990631103516,0.0
2017-09-11,70.77207946777344,0.0
2017-09-12,70.71180725097656,0.0
2017-09-13,70.63434600830078,0.0
2017-09-14,70.87535858154297,0.0
2017-09-15,72.16651153564453,0.0
2017-09-18,73.31131744384766,0.0
2017-09-19,73.37156677246094,0.0
2017-09-20,72.03739929199219,0.0
2017-09-21,72.51079559326172,0.0
2017-09-22,73.09610748291016,0.0
2017-09-25,72.2009048461914,0.0
2017-09-26,72.22676086425781,0.0
2017-09-27,73.09610748291016,0.0
2017-09-28,73.71588134765625,0.0
2017-09-29,74.17207336425781,0.0
2017-10-02,73.87081909179688,0.0
2017-10-03,73.93968200683594,0.0
2017-10-04,74.88652801513672,0.0
2017-10-05,75.65261840820312,0.0
2017-10-06,75.6353759765625,0.0
2017-10-09,75.49764251708984,0.0
2017-10-10,75.7386703491211,0.0
2017-10-11,76.23793029785156,0.0
2017-10-12,76.46173858642578,0.0
2017-10-13,76.6596908569336,0.0
2017-10-16,76.46173858642578,0.0
2017-10-17,76.55640411376953,0.0
2017-10-18,76.6080551147461,0.0
2017-10-19,76.43590545654297,0.0
2017-10-20,76.54780578613281,0.0
2017-10-23,76.41007232666016,0.0
2017-10-24,77.71844482421875,0.0
2017-10-25,77.34829711914062,0.0
2017-10-26,77.95085144042969,0.0
2017-10-27,78.51034545898438,0.0
2017-10-30,78.60501098632812,1.0
2017-10-31,78.58778381347656,0.0
2017-11-01,78.3209457397461,0.0
2017-11-02,78.14881134033203,0.0
2017-11-03,79.02677917480469,0.0
2017-11-06,79.43134307861328,0.0
2017-11-07,79.10426330566406,0.0
2017-11-08,79.1903305053711,0.0
2017-11-09,77.2105712890625,0.0
2017-11-10,77.11589813232422,0.0
2017-11-13,77.49461364746094,0.0
2017-11-14,77.84754943847656,0.0
2017-11-15,76.74577331542969,0.0
2017-11-16,77.88199615478516,0.0
2017-11-17,77.83030700683594,0.0
2017-11-20,80.11136627197266,0.0
2017-11-21,77.63237762451172,0.0
2017-11-22,76.3067626953125,0.0
2017-11-24,76.73717498779297,0.0
2017-11-27,75.27384948730469,0.0
2017-11-28,74.9467544555664,0.0
2017-11-29,73.73307037353516,0.0
2017-11-30,74.51185607910156,0.0
2017-12-01,73.8974838256836,0.0
2017-12-04,73.36968231201172,0.0
2017-12-05,73.40425109863281,0.0
2017-12-06,73.9061508178711,0.0
2017-12-07,74.51185607910156,0.0
2017-12-08,74.00133514404297,0.0
2017-12-11,74.24364471435547,0.0
2017-12-12,73.96673583984375,0.0
2017-12-13,73.70713806152344,0.0
2017-12-14,73.93211364746094,0.0
2017-12-15,75.01374053955078,0.0
2017-12-18,76.22518920898438,1.0
2017-12-19,76.10403442382812,0.0
2017-12-20,76.70975494384766,0.0
2017-12-21,76.70975494384766,0.0
2017-12-22,76.88282775878906,0.0
2017-12-26,76.69244384765625,0.0
2017-12-27,77.0991439819336,0.0
2017-12-28,77.34141540527344,0.0
2017-12-29,77.03856658935547,0.0
2018-01-02,78.1202163696289,0.0
2018-01-03,79.08937072753906,0.0
2018-01-04,79.00282287597656,0.0
2018-01-05,79.322998046875,0.0
2018-01-08,79.46146392822266,0.0
2018-01-09,79.29703521728516,0.0
2018-01-10,77.9731216430664,0.0
2018-01-11,78.90766143798828,0.0
2018-01-12,79.62583923339844,0.0
2018-01-16,80.56041717529297,0.0
2018-01-17,82.69770050048828,0.0
2018-01-18,84.14276885986328,0.0
2018-01-19,83.1909408569336,0.0
2018-01-22,83.63223266601562,0.0
2018-01-23,83.47649383544922,0.0
2018-01-24,82.49866485595703,0.0
2018-01-25,79.59127044677734,0.0
2018-01-26,81.20072174072266,0.0
2018-01-29,81.1488037109375,0.0
2018-01-30,79.21916198730469,0.0
2018-01-31,79.50472259521484,0.0
2018-02-01,79.3056869506836,0.0
2018-02-02,77.1078109741211,0.0
2018-02-05,73.8974838256836,0.0
2018-02-06,76.61458587646484,0.0
2018-02-07,73.85424041748047,0.0
2018-02-08,71.5438461303711,0.0
2018-02-09,72.62548065185547,0.0
2018-02-12,73.59465789794922,0.0
2018-02-13,72.98027801513672,0.0
2018-02-14,73.6638412475586,0.0
2018-02-15,73.8974838256836,0.0
2018-02-16,74.49456787109375,0.0
2018-02-20,76.50209045410156,0.0
2018-02-21,76.50209045410156,0.0
2018-02-22,76.63188934326172,1.0
2018-02-23,78.19810485839844,0.0
2018-02-26,79.92005920410156,0.0
2018-02-27,79.8335189819336,0.0
2018-02-28,78.00770568847656,0.0
2018-03-01,76.41555786132812,0.0
2018-03-02,77.47125244140625,0.0
2018-03-05,78.86437225341797,0.0
2018-03-06,79.54798126220703,0.0
2018-03-07,80.24888610839844,0.0
2018-03-08,80.64899444580078,0.0
2018-03-09,82.39730834960938,0.0
2018-03-12,83.09315490722656,0.0
2018-03-13,82.33643341064453,0.0
2018-03-14,81.84062957763672,0.0
2018-03-15,81.71015930175781,0.0
2018-03-16,81.8927993774414,0.0
2018-03-19,81.32746124267578,0.0
2018-03-20,80.6402816772461,0.0
2018-03-21,80.71858978271484,0.0
2018-03-22,78.7528076171875,0.0
2018-03-23,76.28252410888672,0.0
2018-03-26,80.98822021484375,0.0
2018-03-27,79.1963882446289,0.0
2018-03-28,78.204833984375,0.0
2018-03-29,79.2659912109375,0.0
2018-04-02,77.19584655761719,0.0
2018-04-03,77.8656005859375,0.0
2018-04-04,79.36170196533203,0.0
2018-04-05,79.10072326660156,0.0
2018-04-06,76.81312561035156,0.0
2018-04-09,76.53477478027344,0.0
2018-04-10,78.3091812133789,0.0
2018-04-11,78.97895050048828,0.0
2018-04-12,80.90990447998047,0.0
2018-04-13,80.70116424560547,1.0
2018-04-16,81.01431274414062,0.0
2018-04-17,82.78004455566406,0.0
2018-04-18,82.25817108154297,0.0
2018-04-19,78.15264129638672,0.0
2018-04-20,78.0743408203125,0.0
2018-04-23,76.54347229003906,0.0
2018-04-24,76.23905944824219,0.0
2018-04-25,76.34342956542969,0.0
2018-04-26,77.15233612060547,0.0
2018-04-27,76.26512908935547,0.0
2018-04-30,75.97809600830078,0.0
2018-05-01,77.29150390625,0.0
2018-05-02,76.80441284179688,0.0
2018-05-03,76.46519470214844,0.0
2018-05-04,78.51795196533203,0.0
2018-05-07,78.718017578125,0.0
2018-05-08,79.51822662353516,1.0
2018-05-09,80.56201934814453,0.0
2018-05-10,81.1882553100586,0.0
2018-05-11,80.54461669921875,0.0
2018-05-14,81.6492691040039,0.0
2018-05-15,81.37962341308594,0.0
2018-05-16,82.43212127685547,0.0
2018-05-17,82.66695404052734,0.0
2018-05-18,82.52778625488281,0.0
2018-05-21,82.89310455322266,0.0
2018-05-22,83.24972534179688,0.0
2018-05-23,82.1015396118164,0.0
2018-05-24,82.66695404052734,0.0
2018-05-25,83.02357482910156,0.0
2018-05-29,82.1015396118164,0.0
2018-05-30,82.6147689819336,0.0
2018-05-31,84.5283432006836,0.0
2018-06-01,85.58953094482422,0.0
2018-06-04,86.96383666992188,0.0
2018-06-05,87.53787994384766,0.0
2018-06-06,88.80783081054688,0.0
2018-06-07,89.10497283935547,0.0
2018-06-08,88.31841278076172,0.0
2018-06-11,88.60682678222656,0.0
2018-06-12,89.15738677978516,0.0
2018-06-13,88.3096923828125,0.0
2018-06-14,88.87776184082031,0.0
2018-06-15,88.70296478271484,0.0
2018-06-18,88.3446273803711,0.0
2018-06-19,87.44451904296875,0.0
2018-06-20,88.26600646972656,0.0
2018-06-21,86.6579818725586,0.0
2018-06-22,86.59681701660156,0.0
2018-06-25,85.77534484863281,0.0
2018-06-26,86.26472473144531,0.0
2018-06-27,84.3333511352539,0.0
2018-06-28,83.85269927978516,0.0
2018-06-29,83.82647705078125,0.0
2018-07-02,84.16728973388672,0.0
2018-07-03,82.59425354003906,0.0
2018-07-05,84.2459716796875,0.0
2018-07-06,84.94507598876953,0.0
2018-07-09,84.9276123046875,0.0
2018-07-10,86.11616516113281,0.0
2018-07-11,84.08863830566406,0.0
2018-07-12,85.99381256103516,0.0
2018-07-13,85.74910736083984,0.0
2018-07-16,85.32960510253906,0.0
2018-07-17,85.87146759033203,0.0
2018-07-18,86.59681701660156,1.0
2018-07-19,85.87146759033203,0.0
2018-07-20,85.47817993164062,0.0
2018-07-23,85.4607162475586,0.0
2018-07-24,85.1635971069336,0.0
2018-07-25,84.3770751953125,0.0
2018-07-26,85.382080078125,0.0
2018-07-27,84.75285339355469,0.0
2018-07-30,83.29338836669922,0.0
2018-07-31,84.01874542236328,0.0
2018-08-01,83.93133544921875,0.0
2018-08-02,84.06243896484375,0.0
2018-08-03,84.38578796386719,0.0
2018-08-06,85.10237121582031,0.0
2018-08-07,86.15983581542969,0.0
2018-08-08,86.07246398925781,1.0
2018-08-09,85.41702270507812,0.0
2018-08-10,82.97005462646484,0.0
2018-08-13,83.1360855102539,0.0
2018-08-14,82.89138793945312,0.0
2018-08-15,81.93882751464844,0.0
2018-08-16,82.37576293945312,0.0
2018-08-17,82.6554183959961,0.0
2018-08-20,81.92131805419922,0.0
2018-08-21,83.82647705078125,0.0
2018-08-22,85.57430267333984,0.0
2018-08-23,85.11113739013672,1.0
2018-08-24,86.32588195800781,0.0
2018-08-27,87.45325469970703,0.0
2018-08-28,87.75912475585938,0.0
2018-08-29,87.54065704345703,0.0
2018-08-30,86.55713653564453,0.0
2018-08-31,86.80302429199219,0.0
2018-09-04,86.15321350097656,0.0
2018-09-05,85.94245147705078,0.0
2018-09-06,85.25750732421875,0.0
2018-09-07,82.50896453857422,0.0
2018-09-10,83.06217193603516,0.0
2018-09-11,81.88549041748047,0.0
2018-09-12,79.92727661132812,0.0
2018-09-13,81.13909149169922,0.0
2018-09-14,81.25325012207031,0.0
2018-09-17,80.18191528320312,0.0
2018-09-18,80.66490173339844,0.0
2018-09-19,81.2971420288086,0.0
2018-09-20,83.51002502441406,0.0
2018-09-21,83.03585815429688,0.0
2018-09-24,83.42223358154297,0.0
2018-09-25,81.27960205078125,1.0
2018-09-26,81.06884002685547,0.0
2018-09-27,80.94590759277344,0.0
2018-09-28,81.19175720214844,0.0
2018-10-01,81.13030242919922,0.0
2018-10-02,81.04251098632812,0.0
2018-10-03,80.63858032226562,0.0
2018-10-04,79.02279663085938,0.0
2018-10-05,76.52892303466797,0.0
2018-10-08,75.94058227539062,0.0
2018-10-09,76.1864242553711,0.0
2018-10-10,73.67500305175781,0.0
2018-10-11,73.47303009033203,0.0
2018-10-12,73.9120864868164,0.0
2018-10-15,73.67500305175781,0.0
2018-10-16,75.30831146240234,0.0
2018-10-17,74.86046600341797,0.0
2018-10-18,73.03398132324219,0.0
2018-10-19,72.30512237548828,0.0
2018-10-22,72.4895248413086,0.0
2018-10-23,72.57733917236328,0.0
2018-10-24,68.33597564697266,0.0
2018-10-25,69.44241333007812,0.0
2018-10-26,69.39850616455078,0.0
2018-10-29,70.6103286743164,0.0
2018-10-30,72.70907592773438,0.0
2018-10-31,73.50816345214844,1.0
2018-11-01,77.27529907226562,0.0
2018-11-02,76.55525970458984,0.0
2018-11-05,75.85275268554688,0.0
2018-11-06,77.24019622802734,0.0
2018-11-07,77.54754638671875,0.0
2018-11-08,78.97010803222656,0.0
2018-11-09,76.91526794433594,0.0
2018-11-12,73.93843078613281,0.0
2018-11-13,74.90436553955078,0.0
2018-11-14,75.6332015991211,0.0
2018-11-15,78.87352752685547,0.0
2018-11-16,78.57496643066406,0.0
2018-11-19,75.0975570678711,0.0
2018-11-20,78.17102813720703,0.0
2018-11-21,78.7505874633789,0.0
2018-11-23,77.83731079101562,0.0
2018-11-26,79.09303283691406,0.0
2018-11-27,78.66277313232422,0.0
2018-11-28,80.09298706054688,0.0
2018-11-29,79.03356170654297,0.0
2018-11-30,81.15241241455078,0.0
2018-12-03,82.5561752319336,0.0
2018-12-04,79.84579467773438,0.0
2018-12-06,79.04238891601562,0.0
2018-12-07,76.29669189453125,0.0
2018-12-10,78.11537170410156,0.0
2018-12-11,78.25664520263672,0.0
2018-12-12,78.6451187133789,0.0
2018-12-13,78.09774017333984,0.0
2018-12-14,77.0471420288086,0.0
2018-12-17,77.08244323730469,0.0
2018-12-18,77.73576354980469,0.0
2018-12-19,73.88648986816406,0.0
2018-12-20,73.04777526855469,0.0
2018-12-21,72.67697143554688,0.0
2018-12-24,70.9995346069336,0.0
2018-12-26,74.46034240722656,0.0
2018-12-27,75.36087799072266,0.0
2018-12-28,75.44914245605469,0.0
2018-12-31,75.77580261230469,0.0
2019-01-02,75.85527038574219,0.0
2019-01-03,71.27323913574219,0.0
2019-01-04,73.0036392211914,0.0
2019-01-07,73.46273040771484,0.0
2019-01-08,75.25492858886719,0.0
2019-01-09,77.16191864013672,0.0
2019-01-10,78.23015594482422,1.0
2019-01-11,79.5102767944336,0.0
2019-01-14,77.25020599365234,0.0
2019-01-15,77.34729766845703,0.0
2019-01-16,76.80876922607422,0.0
2019-01-17,78.40673065185547,0.0
2019-01-18,80.65800476074219,0.0
2019-01-22,78.68926239013672,0.0
2019-01-23,78.45086669921875,0.0
2019-01-24,83.65090942382812,0.0
2019-01-25,86.22887420654297,0.0
2019-01-28,85.9375228881836,0.0
2019-01-29,85.64617156982422,0.0
2019-01-30,87.41191864013672,0.0
2019-01-31,87.27947998046875,0.0
2019-02-01,88.76268005371094,0.0
2019-02-04,88.02106475830078,0.0
2019-02-05,88.63907623291016,0.0
2019-02-06,90.41361236572266,0.0
2019-02-07,88.84212493896484,0.0
2019-02-08,88.930419921875,0.0
2019-02-11,89.83094024658203,0.0
2019-02-12,91.87033081054688,0.0
2019-02-13,92.18819427490234,0.0
2019-02-14,92.2499771118164,0.0
2019-02-15,93.35353088378906,0.0
2019-02-19,92.0115966796875,0.0
2019-02-20,94.3070297241211,0.0
2019-02-21,92.94743347167969,0.0
2019-02-22,93.5036392211914,0.0
2019-02-25,95.2605209350586,0.0
2019-02-26,94.6248550415039,0.0
2019-02-27,93.5212631225586,0.0
2019-02-28,94.91449737548828,0.0
2019-03-01,96.22781372070312,0.0
2019-03-04,96.42304992675781,0.0
2019-03-05,96.04146575927734,0.0
2019-03-06,94.76361083984375,0.0
2019-03-07,93.77861022949219,0.0
2019-03-08,93.53905487060547,0.0
2019-03-11,95.55339050292969,0.0
2019-03-12,95.75747680664062,0.0
2019-03-13,95.90835571289062,0.0
2019-03-14,96.0592041015625,0.0
2019-03-15,97.07080841064453,0.0
2019-03-18,96.85785675048828,0.0
2019-03-19,97.56774139404297,0.0
2019-03-20,96.378662109375,0.0
2019-03-21,97.77184295654297,0.0
2019-03-22,95.30490112304688,0.0
2019-03-25,93.39704895019531,0.0
2019-03-26,95.03870391845703,0.0
2019-03-27,93.13970947265625,0.0
2019-03-28,92.3499526977539,0.0
2019-03-29,93.414794921875,0.0
2019-04-01,96.08580017089844,0.0
2019-04-02,95.9349594116211,0.0
2019-04-03,97.47014617919922,0.0
2019-04-04,98.09130096435547,0.0
2019-04-05,98.90772247314453,0.0
2019-04-08,99.15618133544922,1.0
2019-04-09,98.04695129394531,0.0
2019-04-10,99.44900512695312,0.0
2019-04-11,99.22714233398438,0.0
2019-04-12,101.3479995727539,0.0
2019-04-15,100.22103881835938,0.0
2019-04-16,101.69408416748047,0.0
2019-04-17,101.51660919189453,0.0
2019-04-18,101.86267852783203,0.0
2019-04-22,100.81555938720703,0.0
2019-04-23,101.25926971435547,0.0
2019-04-24,104.08113861083984,0.0
2019-04-25,102.06678771972656,0.0
2019-04-26,101.55209350585938,0.0
2019-04-29,101.05516815185547,0.0
2019-04-30,103.14939880371094,0.0
2019-05-01,101.7828140258789,0.0
2019-05-02,103.7883071899414,0.0
2019-05-03,103.7794189453125,0.0
2019-05-06,101.9869155883789,0.0
2019-05-07,100.877685546875,0.0
2019-05-08,98.10018920898438,0.0
2019-05-09,98.10018920898438,0.0
2019-05-10,98.14453887939453,0.0
2019-05-13,92.49192810058594,0.0
2019-05-14,94.72811889648438,0.0
2019-05-15,95.73975372314453,0.0
2019-05-16,92.90899658203125,0.0
2019-05-17,89.47480773925781,0.0
2019-05-20,86.51981353759766,0.0
2019-05-21,88.63180541992188,0.0
2019-05-22,90.01612854003906,0.0
2019-05-23,87.6113052368164,0.0
2019-05-24,87.33621978759766,0.0
2019-05-28,86.17374420166016,0.0
2019-05-29,87.06114959716797,0.0
2019-05-30,87.49835205078125,0.0
2019-05-31,86.21347045898438,0.0
2019-06-03,85.72270202636719,0.0
2019-06-04,90.09494018554688,0.0
2019-06-05,89.11341857910156,0.0
2019-06-06,89.20263671875,1.0
2019-06-07,89.84510803222656,0.0
2019-06-10,95.07393646240234,0.0
2019-06-11,93.84256744384766,0.0
2019-06-12,93.1287612915039,0.0
2019-06-13,94.3868637084961,0.0
2019-06-14,92.81644439697266,0.0
2019-06-17,93.78010559082031,0.0
2019-06-18,98.09882354736328,0.0
2019-06-19,99.0803451538086,0.0
2019-06-20,100.43663787841797,0.0
2019-06-21,101.42706298828125,0.0
2019-06-24,100.74000549316406,0.0
2019-06-25,98.40219116210938,0.0
2019-06-26,98.92863464355469,0.0
2019-06-27,100.68647766113281,0.0
2019-06-28,100.71324157714844,0.0
2019-07-01,102.61380004882812,0.0
2019-07-02,101.2843017578125,0.0
2019-07-03,100.98090362548828,0.0
2019-07-05,100.7043228149414,0.0
2019-07-08,99.7852554321289,0.0
2019-07-09,101.0879898071289,0.0
2019-07-10,101.73045349121094,0.0
2019-07-11,101.65013885498047,0.0
2019-07-12,103.6845703125,0.0
2019-07-15,104.41625213623047,0.0
2019-07-16,103.0242919921875,0.0
2019-07-17,101.6679916381836,0.0
2019-07-18,103.51505279541016,0.0
2019-07-19,103.30982208251953,0.0
2019-07-22,105.03194427490234,0.0
2019-07-23,107.00389099121094,1.0
2019-07-24,111.21553039550781,0.0
2019-07-25,109.02049255371094,0.0
2019-07-26,108.68142700195312,0.0
2019-07-29,108.15496826171875,0.0
2019-07-30,107.93190002441406,0.0
2019-07-31,104.80889129638672,0.0
2019-08-01,102.1319808959961,0.0
2019-08-02,100.54368591308594,0.0
2019-08-05,96.03759765625,0.0
2019-08-06,97.5099105834961,0.0
2019-08-07,97.99173736572266,0.0
2019-08-08,100.23139953613281,0.0
2019-08-09,98.74127197265625,0.0
2019-08-12,97.224365234375,0.0
2019-08-13,100.84708404541016,0.0
2019-08-14,98.42894744873047,0.0
2019-08-15,96.769287109375,0.0
2019-08-16,98.6163330078125,0.0
2019-08-19,99.19634246826172,0.0
2019-08-20,98.41112518310547,0.0
2019-08-21,96.89421081542969,0.0
2019-08-22,96.9299087524414,0.0
2019-08-23,92.95027923583984,0.0
2019-08-26,94.60995483398438,0.0
2019-08-27,95.52008819580078,0.0
2019-08-28,96.39452362060547,0.0
2019-08-29,97.7666015625,0.0
2019-08-30,98.49298858642578,0.0
2019-09-03,95.39911651611328,1.0
2019-09-04,97.9190673828125,0.0
2019-09-05,101.35370635986328,0.0
2019-09-06,101.03983306884766,0.0
2019-09-09,101.21919250488281,0.0
2019-09-10,102.21463775634766,0.0
2019-09-11,103.16520690917969,0.0
2019-09-12,104.21443939208984,0.0
2019-09-13,104.49242401123047,0.0
2019-09-16,103.36250305175781,0.0
2019-09-17,103.38040924072266,0.0
2019-09-18,104.5282974243164,0.0
2019-09-19,103.91848754882812,0.0
2019-09-20,103.42526245117188,0.0
2019-09-23,102.49259948730469,0.0
2019-09-24,99.50634002685547,0.0
2019-09-25,101.0488052368164,0.0
2019-09-26,101.4613265991211,0.0
2019-09-27,99.57809448242188,0.0
2019-09-30,100.19686126708984,0.0
2019-10-01,98.44816589355469,0.0
2019-10-02,97.72176361083984,0.0
2019-10-03,99.42562866210938,0.0
2019-10-04,101.36267852783203,0.0
2019-10-07,99.39871978759766,0.0
2019-10-08,95.1749038696289,0.0
2019-10-09,96.9146728515625,0.0
2019-10-10,97.24649810791016,0.0
2019-10-11,99.73951721191406,0.0
2019-10-14,98.95034790039062,0.0
2019-10-15,101.59584045410156,0.0
2019-10-16,99.17453002929688,1.0
2019-10-17,98.64543914794922,0.0
2019-10-18,98.17913055419922,0.0
2019-10-21,99.640869140625,0.0
2019-10-22,99.43460845947266,1.0
2019-10-23,94.6727294921875,0.0
2019-10-24,94.44852447509766,0.0
2019-10-25,95.80265808105469,0.0
2019-10-28,97.59622955322266,0.0
2019-10-29,96.896728515625,0.0
2019-10-30,97.07608795166016,0.0
2019-10-31,95.62329864501953,0.0
2019-11-01,98.08045959472656,0.0
2019-11-04,99.89197540283203,1.0
2019-11-05,101.73931121826172,0.0
2019-11-06,100.4659194946289,0.0
2019-11-07,100.69906616210938,0.0
2019-11-08,101.35370635986328,0.0
2019-11-11,100.93221282958984,0.0
2019-11-12,101.56893920898438,0.0
2019-11-13,102.385009765625,0.0
2019-11-14,101.62272644042969,0.0
2019-11-15,101.6944808959961,0.0
2019-11-18,100.4120864868164,0.0
2019-11-19,100.1789321899414,0.0
2019-11-20,97.37200927734375,0.0
2019-11-21,97.55137634277344,0.0
2019-11-22,99.22834014892578,0.0
2019-11-25,101.27299499511719,0.0
2019-11-26,103.03068542480469,0.0
2019-11-27,101.96351623535156,1.0
2019-11-29,101.29093170166016,0.0
2019-12-02,99.77538299560547,0.0
2019-12-03,98.86963653564453,0.0
2019-12-04,102.5822982788086,0.0
2019-12-05,102.20386505126953,1.0
2019-12-06,104.42040252685547,0.0
2019-12-09,103.2761001586914,0.0
2019-12-10,103.08686065673828,0.0
2019-12-11,104.38436126708984,0.0
2019-12-12,106.15035247802734,0.0
2019-12-13,107.01536560058594,0.0
2019-12-16,107.09645080566406,0.0
2019-12-17,107.06041717529297,0.0
2019-12-18,105.4205322265625,0.0
2019-12-19,106.9522933959961,0.0
2019-12-20,107.96144104003906,0.0
2019-12-23,107.37577819824219,0.0
2019-12-24,107.87135314941406,0.0
2019-12-26,107.8803482055664,0.0
2019-12-27,107.62806701660156,0.0
2019-12-30,107.09645080566406,0.0
2019-12-31,107.07844543457031,0.0
2020-01-02,108.51106262207031,0.0
2020-01-03,106.60089111328125,0.0
2020-01-06,105.34846496582031,0.0
2020-01-07,107.74517059326172,0.0
2020-01-08,108.71832275390625,0.0
2020-01-09,108.71832275390625,0.0
2020-01-10,106.83517456054688,0.0
2020-01-13,107.2766342163086,0.0
2020-01-14,107.70016479492188,0.0
2020-01-15,105.88007354736328,0.0
2020-01-16,107.3397445678711,0.0
2020-01-17,107.64607238769531,0.0
2020-01-21,107.50190734863281,0.0
2020-01-22,108.5020523071289,0.0
2020-01-23,108.89850616455078,0.0
2020-01-24,105.93413543701172,0.0
2020-01-27,101.10459899902344,0.0
2020-01-28,102.99675750732422,0.0
2020-01-29,102.02364349365234,0.0
2020-01-30,101.24876403808594,0.0
2020-01-31,98.88807678222656,0.0
2020-02-03,99.11331939697266,0.0
2020-02-04,101.32986450195312,0.0
2020-02-05,105.1322250366211,0.0
2020-02-06,104.3302993774414,0.0
2020-02-07,101.15868377685547,0.0
2020-02-10,101.72631072998047,0.0
2020-02-11,105.31241607666016,0.0
2020-02-12,107.05140686035156,1.0
2020-02-13,107.1144790649414,0.0
2020-02-14,106.00621032714844,0.0
2020-02-18,106.83517456054688,0.0
2020-02-19,111.62863159179688,0.0
2020-02-20,112.22332000732422,0.0
2020-02-21,110.61048126220703,0.0
2020-02-24,105.74491882324219,0.0
2020-02-25,103.31214904785156,0.0
2020-02-26,103.47431182861328,0.0
2020-02-27,97.5858154296875,0.0
2020-02-28,98.79071044921875,0.0
2020-03-02,100.80184173583984,0.0
2020-03-03,97.11473846435547,0.0
2020-03-04,101.8798828125,0.0
2020-03-05,98.62763977050781,0.0
2020-03-06,96.9335708618164,0.0
2020-03-09,88.33634948730469,0.0
2020-03-10,92.80255889892578,0.0
2020-03-11,85.52802276611328,0.0
2020-03-12,81.54196166992188,0.0
2020-03-13,90.40186309814453,0.0
2020-03-16,75.3816909790039,0.0
2020-03-17,86.46111297607422,0.0
2020-03-18,74.493896484375,0.0
2020-03-19,81.82279968261719,0.0
2020-03-20,77.07576751708984,0.0
2020-03-23,77.14823913574219,0.0
2020-03-24,84.91197967529297,0.0
2020-03-25,85.48272705078125,0.0
2020-03-26,83.90643310546875,0.0
2020-03-27,80.3280029296875,1.0
2020-03-30,82.41165924072266,0.0
2020-03-31,81.21582794189453,0.0
2020-04-01,76.17892456054688,0.0
2020-04-02,79.44928741455078,0.0
2020-04-03,78.4165267944336,0.0
2020-04-06,86.78726196289062,0.0
2020-04-07,87.19489288330078,0.0
2020-04-08,91.86039733886719,0.0
2020-04-09,89.49594116210938,0.0
2020-04-13,90.29315185546875,0.0
2020-04-14,93.32799530029297,0.0
2020-04-15,90.9997787475586,0.0
2020-04-16,92.24996185302734,0.0
2020-04-17,93.1286849975586,0.0
2020-04-20,91.41649627685547,0.0
2020-04-21,87.39421081542969,0.0
2020-04-22,92.51266479492188,0.0
2020-04-23,92.2318115234375,0.0
2020-04-24,95.9551773071289,0.0
2020-04-27,97.86665344238281,0.0
2020-04-28,97.48616790771484,0.0
2020-04-29,102.6771011352539,0.0
2020-04-30,99.2889404296875,0.0
2020-05-01,93.88965606689453,0.0
2020-05-04,93.6722412109375,0.0
2020-05-05,95.97329711914062,0.0
2020-05-06,95.34820556640625,0.0
2020-05-07,96.34471893310547,0.0
2020-05-08,99.49732208251953,0.0
2020-05-11,98.219970703125,0.0
2020-05-12,96.57120513916016,0.0
2020-05-13,94.03460693359375,0.0
2020-05-14,95.56561279296875,0.0
2020-05-15,92.22277069091797,0.0
2020-05-18,98.14749145507812,0.0
2020-05-19,96.32661437988281,0.0
2020-05-20,103.79138946533203,0.0
2020-05-21,100.56629180908203,1.0
2020-05-22,100.61158752441406,0.0
2020-05-26,102.0973129272461,0.0
2020-05-27,103.89103698730469,0.0
2020-05-28,101.06739807128906,0.0
2020-05-29,102.87999725341797,0.0
2020-06-01,102.72513580322266,0.0
2020-06-02,106.38676452636719,0.0
2020-06-03,110.77703094482422,0.0
2020-06-04,111.46927642822266,0.0
2020-06-05,113.48223876953125,0.0
2020-06-08,112.68069458007812,0.0
2020-06-09,112.38922119140625,0.0
2020-06-10,111.92469024658203,0.0
2020-06-11,105.33927154541016,0.0
2020-06-12,107.85322570800781,0.0
2020-06-15,107.93519592285156,0.0
2020-06-16,111.75163269042969,0.0
2020-06-17,111.60589599609375,0.0
2020-06-18,111.86092376708984,0.0
2020-06-19,109.46540069580078,0.0
2020-06-22,109.75688171386719,0.0
2020-06-23,112.26170349121094,0.0
2020-06-24,108.81871032714844,0.0
2020-06-25,109.39253234863281,0.0
2020-06-26,107.36135864257812,0.0
2020-06-29,108.39060974121094,0.0
2020-06-30,111.70609283447266,0.0
2020-07-01,109.63847351074219,0.0
2020-07-02,110.43090057373047,0.0
2020-07-06,112.59871673583984,0.0
2020-07-07,111.6878662109375,0.0
2020-07-08,111.90646362304688,0.0
2020-07-09,113.1178970336914,0.0
2020-07-10,113.40025329589844,0.0
2020-07-13,106.79661560058594,0.0
2020-07-14,107.4888687133789,0.0
2020-07-15,107.38867950439453,0.0
2020-07-16,105.63984680175781,0.0
2020-07-17,106.3411865234375,0.0
2020-07-20,106.62358093261719,0.0
2020-07-21,104.36468505859375,0.0
2020-07-22,103.7270736694336,0.0
2020-07-23,101.96005249023438,0.0
2020-07-24,102.2059555053711,0.0
2020-07-27,105.47589874267578,0.0
2020-07-28,105.1388931274414,0.0
2020-07-29,107.05166625976562,0.0
2020-07-30,105.93132019042969,0.0
2020-07-31,104.610595703125,0.0
2020-08-03,106.17726135253906,0.0
2020-08-04,106.73287200927734,0.0
2020-08-05,105.81291198730469,1.0
2020-08-06,106.33209228515625,0.0
2020-08-07,105.94953918457031,0.0
2020-08-10,106.35030364990234,0.0
2020-08-11,106.16816711425781,0.0
2020-08-12,108.59101104736328,0.0
2020-08-13,107.57996368408203,0.0
2020-08-14,106.73287200927734,0.0
2020-08-17,106.96971130371094,0.0
2020-08-18,107.37045288085938,0.0
2020-08-19,107.61638641357422,0.0
2020-08-20,106.97880554199219,0.0
2020-08-21,105.67628479003906,0.0
2020-08-24,106.77843475341797,0.0
2020-08-25,109.21037292480469,0.0
2020-08-26,109.76600646972656,0.0
2020-08-27,108.9877700805664,0.0
2020-08-28,109.48214721679688,0.0
2020-08-31,107.01014709472656,0.0
2020-09-01,108.73139953613281,0.0
2020-09-02,111.54215240478516,0.0
2020-09-03,107.22988891601562,0.0
2020-09-04,107.52289581298828,0.0
2020-09-08,103.39370727539062,0.0
2020-09-09,105.7100830078125,0.0
2020-09-10,104.62054443359375,0.0
2020-09-11,104.19024658203125,0.0
2020-09-14,104.9410171508789,0.0
2020-09-15,106.2593994140625,0.0
2020-09-16,105.80162048339844,0.0
2020-09-17,105.73754119873047,0.0
2020-09-18,105.20651245117188,0.0
2020-09-21,104.30928802490234,0.0
2020-09-22,105.01425170898438,0.0
2020-09-23,103.0,0.0
2020-09-24,103.16483306884766,0.0
2020-09-25,103.89726257324219,0.0
2020-09-28,107.17498016357422,0.0
2020-09-29,106.79959869384766,1.0
2020-09-30,106.8819808959961,0.0
2020-10-01,108.9419937133789,0.0
2020-10-02,104.38252258300781,0.0
2020-10-05,106.7538070678711,0.0
2020-10-06,105.7833023071289,0.0
2020-10-07,108.64900207519531,0.0
2020-10-08,110.1780014038086,0.0
2020-10-09,112.91548919677734,0.0
2020-10-12,115.46074676513672,0.0
2020-10-13,113.1535415649414,0.0
2020-10-14,112.64997863769531,0.0
2020-10-15,113.51061248779297,0.0
2020-10-16,113.19933319091797,0.0
2020-10-19,112.25628662109375,0.0
2020-10-20,113.18101501464844,0.0
2020-10-21,114.22473907470703,0.0
2020-10-22,114.21558380126953,0.0
2020-10-23,113.71202850341797,0.0
2020-10-26,110.90125274658203,0.0
2020-10-27,110.13221740722656,0.0
2020-10-28,106.63477325439453,0.0
2020-10-29,108.47504425048828,0.0
2020-10-30,108.52083587646484,0.0
2020-11-02,108.47504425048828,0.0
2020-11-03,109.6378173828125,0.0
2020-11-04,115.30509948730469,0.0
2020-11-05,119.38848876953125,0.0
2020-11-06,122.2267074584961,1.0
2020-11-09,124.3508071899414,0.0
2020-11-10,123.39859008789062,0.0
2020-11-11,125.77904510498047,0.0
2020-11-12,124.03949737548828,0.0
2020-11-13,124.7627944946289,0.0
2020-11-16,126.35585021972656,0.0
2020-11-17,124.39654541015625,0.0
2020-11-18,121.97949981689453,0.0
2020-11-19,124.67127227783203,0.0
2020-11-20,123.49015045166016,0.0
2020-11-23,125.49529266357422,0.0
2020-11-24,125.33042907714844,0.0
2020-11-25,124.46980285644531,0.0
2020-11-27,126.1178207397461,0.0
2020-11-30,127.33549499511719,0.0
2020-12-01,128.84617614746094,0.0
2020-12-02,128.7821044921875,1.0
2020-12-03,128.515380859375,0.0
2020-12-04,132.3961181640625,0.0
2020-12-07,132.15704345703125,0.0
2020-12-08,134.3824920654297,0.0
2020-12-09,130.38218688964844,0.0
2020-12-10,129.92239379882812,0.0
2020-12-11,129.80287170410156,0.0
2020-12-14,130.8879852294922,0.0
2020-12-15,132.47891235351562,0.0
2020-12-16,131.32020568847656,0.0
2020-12-17,132.2213897705078,0.0
2020-12-18,132.93869018554688,0.0
2020-12-21,131.12709045410156,0.0
2020-12-22,132.68121337890625,0.0
2020-12-23,131.7064208984375,0.0
2020-12-24,132.85592651367188,0.0
2020-12-28,133.04908752441406,0.0
2020-12-29,132.11105346679688,0.0
2020-12-30,134.42848205566406,0.0
2020-12-31,135.85385131835938,0.0
2021-01-04,134.28131103515625,0.0
2021-01-05,136.68150329589844,0.0
2021-01-06,137.29766845703125,0.0
2021-01-07,143.10037231445312,1.0
2021-01-08,144.13954162597656,0.0
2021-01-11,145.5741424560547,0.0
2021-01-12,146.3006134033203,0.0
2021-01-13,145.73965454101562,0.0
2021-01-14,146.64088439941406,0.0
2021-01-15,145.06834411621094,0.0
2021-01-19,147.634033203125,0.0
2021-01-20,146.98114013671875,0.0
2021-01-21,146.48455810546875,0.0
2021-01-22,143.07276916503906,0.0
2021-01-25,141.3623046875,0.0
2021-01-26,142.4842529296875,0.0
2021-01-27,135.6239776611328,0.0
2021-01-28,137.2148895263672,0.0
2021-01-29,135.4860382080078,0.0
2021-02-01,139.67022705078125,0.0
2021-02-02,139.66104125976562,0.0
2021-02-03,135.71591186523438,0.0
2021-02-04,138.41957092285156,0.0
2021-02-05,136.80105590820312,0.0
2021-02-08,140.8841552734375,0.0
2021-02-09,140.5623016357422,0.0
2021-02-10,140.9116973876953,0.0
2021-02-11,146.033935546875,0.0
2021-02-12,147.8547821044922,1.0
2021-02-16,147.58810424804688,0.0
2021-02-17,146.90757751464844,0.0
2021-02-18,145.3810272216797,0.0
2021-02-19,150.63198852539062,0.0
2021-02-22,146.43856811523438,0.0
2021-02-23,145.02235412597656,0.0
2021-02-24,148.7559814453125,0.0
2021-02-25,141.9309539794922,0.0
2021-02-26,143.9073486328125,0.0
2021-03-01,146.46554565429688,0.0
2021-03-02,142.4943389892578,0.0
2021-03-03,138.4768829345703,0.0
2021-03-04,133.4712677001953,0.0
2021-03-05,137.49795532226562,0.0
2021-03-08,133.04637145996094,0.0
2021-03-09,138.00588989257812,0.0
2021-03-10,135.86325073242188,0.0
2021-03-11,139.48358154296875,0.0
2021-03-12,138.10748291015625,0.0
2021-03-15,139.4558868408203,0.0
2021-03-16,141.37681579589844,0.0
2021-03-17,142.374267578125,0.0
2021-03-18,138.0243377685547,1.0
2021-03-19,140.29624938964844,0.0
2021-03-22,142.6882781982422,1.0
2021-03-23,138.9848175048828,0.0
2021-03-24,138.9386749267578,0.0
2021-03-25,138.4399871826172,0.0
2021-03-26,145.09869384765625,0.0
2021-03-29,142.0879669189453,0.0
2021-03-30,140.94277954101562,0.0
2021-03-31,143.22393798828125,0.0
2021-04-01,148.11875915527344,0.0
2021-04-05,150.9910125732422,0.0
2021-04-06,149.3470458984375,0.0
2021-04-07,147.25987243652344,0.0
2021-04-08,149.7257080078125,0.0
2021-04-09,148.91297912597656,0.0
2021-04-12,147.5184326171875,0.0
2021-04-13,146.9920196533203,0.0
2021-04-14,146.3455352783203,0.0
2021-04-15,148.42352294921875,0.0
2021-04-16,147.31524658203125,0.0
2021-04-19,144.91404724121094,0.0
2021-04-20,142.66055297851562,0.0
2021-04-21,146.1885223388672,0.0
2021-04-22,143.49176025390625,0.0
2021-04-23,146.8627166748047,0.0
2021-04-26,148.35885620117188,0.0
2021-04-27,147.35223388671875,0.0
2021-04-28,144.12899780273438,0.0
2021-04-29,145.92991638183594,0.0
2021-04-30,141.45074462890625,0.0
2021-05-03,139.7513885498047,0.0
2021-05-04,140.29624938964844,0.0
2021-05-05,142.161865234375,0.0
2021-05-06,143.53794860839844,0.0
2021-05-07,145.23727416992188,0.0
2021-05-10,139.26190185546875,0.0
2021-05-11,139.30807495117188,0.0
2021-05-12,134.88426208496094,0.0
2021-05-13,135.41993713378906,0.0
2021-05-14,138.17208862304688,0.0
2021-05-17,136.77757263183594,0.0
2021-05-18,134.7365264892578,0.0
2021-05-19,141.41378784179688,0.0
2021-05-20,147.27833557128906,0.0
2021-05-21,147.17672729492188,1.0
2021-05-24,150.08590698242188,0.0
2021-05-25,151.20338439941406,0.0
2021-05-26,151.35118103027344,0.0
2021-05-27,151.3697052001953,0.0
2021-05-28,152.6588592529297,0.0
2021-06-01,151.81488037109375,0.0
2021-06-02,152.56614685058594,0.0
2021-06-03,150.31243896484375,0.0
2021-06-04,153.56776428222656,0.0
2021-06-07,152.547607421875,0.0
2021-06-08,152.94639587402344,0.0
2021-06-09,154.3004608154297,0.0
2021-06-10,155.20008850097656,0.0
2021-06-11,155.4412384033203,0.0
2021-06-14,156.2202606201172,0.0
2021-06-15,155.45974731445312,0.0
2021-06-16,153.97589111328125,0.0
2021-06-17,154.16134643554688,0.0
2021-06-18,150.42367553710938,0.0
2021-06-21,152.2415008544922,0.0
2021-06-22,151.79632568359375,0.0
2021-06-23,151.7592315673828,0.0
2021-06-24,154.92184448242188,0.0
2021-06-25,155.49691772460938,0.0
2021-06-28,158.1957550048828,0.0
2021-06-29,158.96556091308594,0.0
2021-06-30,159.67044067382812,1.0
2021-07-01,156.89732360839844,0.0
2021-07-02,158.28851318359375,0.0
2021-07-06,156.10902404785156,0.0
2021-07-07,153.4286651611328,0.0
2021-07-08,152.01895141601562,0.0
2021-07-09,154.20773315429688,0.0
2021-07-12,155.39486694335938,0.0
2021-07-13,155.12586975097656,0.0
2021-07-14,154.10569763183594,0.0
2021-07-15,151.78707885742188,0.0
2021-07-16,148.80068969726562,0.0
2021-07-19,147.4465789794922,0.0
2021-07-20,149.236572265625,0.0
2021-07-21,152.8814697265625,0.0
2021-07-22,150.2660675048828,0.0
2021-07-23,151.68502807617188,0.0
2021-07-26,152.00965881347656,0.0
2021-07-27,150.7947235107422,0.0
2021-07-28,152.13951110839844,0.0
2021-07-29,154.4581298828125,0.0
2021-07-30,155.27427673339844,1.0
2021-08-02,155.45974731445312,0.0
2021-08-03,156.44287109375,0.0
2021-08-04,160.05995178222656,0.0
2021-08-05,157.60220336914062,0.0
2021-08-06,158.7151641845703,0.0
2021-08-09,158.88209533691406,0.0
2021-08-10,158.59457397460938,0.0
2021-08-11,158.09375,0.0
2021-08-12,156.3501434326172,0.0
2021-08-13,157.7413330078125,0.0
2021-08-16,158.6595001220703,0.0
2021-08-17,154.23553466796875,0.0
2021-08-18,153.75323486328125,0.0
2021-08-19,154.6899871826172,0.0
2021-08-20,154.5508575439453,0.0
2021-08-23,157.323974609375,0.0
2021-08-24,153.8181915283203,0.0
2021-08-25,152.10240173339844,0.0
2021-08-26,155.87445068359375,0.0
2021-08-27,155.05484008789062,0.0
2021-08-30,155.5205078125,0.0
2021-08-31,151.76710510253906,0.0
2021-09-01,150.05340576171875,0.0
2021-09-02,151.45974731445312,0.0
2021-09-03,151.29209899902344,0.0
2021-09-07,152.06515502929688,0.0
2021-09-08,152.43768310546875,0.0
2021-09-09,157.22494506835938,0.0
2021-09-10,158.27740478515625,1.0
2021-09-13,160.95042419433594,0.0
2021-09-14,161.56512451171875,0.0
2021-09-15,162.13327026367188,0.0
2021-09-16,161.32298278808594,0.0
2021-09-17,159.7489471435547,0.0
2021-09-20,157.8489532470703,0.0
2021-09-21,158.86416625976562,0.0
2021-09-22,161.9190673828125,0.0
2021-09-23,165.06712341308594,0.0
2021-09-24,166.27786254882812,0.0
2021-09-27,164.76904296875,0.0
2021-09-28,159.53472900390625,0.0
2021-09-29,157.2528839111328,0.0
2021-09-30,155.9862060546875,0.0
2021-10-01,155.88375854492188,0.0
2021-10-04,152.98719787597656,0.0
2021-10-05,154.02102661132812,0.0
2021-10-06,154.6543426513672,0.0
2021-10-07,155.5205078125,0.0
2021-10-08,157.04798889160156,0.0
2021-10-11,156.37738037109375,0.0
2021-10-12,152.76368713378906,0.0
2021-10-13,153.07102966308594,0.0
2021-10-14,156.6568145751953,0.0
2021-10-15,160.23330688476562,0.0
2021-10-18,161.4347381591797,0.0
2021-10-19,164.50831604003906,1.0
2021-10-20,164.7783660888672,0.0
2021-10-21,166.53863525390625,0.0
2021-10-22,166.1754150390625,0.0
2021-10-25,168.13133239746094,0.0
2021-10-26,167.53524780273438,0.0
2021-10-27,158.76168823242188,0.0
2021-10-28,160.62448120117188,0.0
2021-10-29,161.5837860107422,0.0
2021-11-01,162.98085021972656,0.0
2021-11-02,165.7283477783203,0.0
2021-11-03,166.5293426513672,1.0
2021-11-04,168.32688903808594,0.0
2021-11-05,171.54013061523438,0.0
2021-11-08,171.80091857910156,0.0
2021-11-09,172.30386352539062,0.0
2021-11-10,168.44798278808594,0.0
2021-11-11,170.5342559814453,0.0
2021-11-12,172.1082763671875,0.0
2021-11-15,172.35972595214844,0.0
2021-11-16,174.79063415527344,0.0
2021-11-17,174.20387268066406,0.0
2021-11-18,175.18182373046875,0.0
2021-11-19,175.8430633544922,0.0
2021-11-22,172.76954650878906,0.0
2021-11-23,169.92889404296875,0.0
2021-11-24,169.94749450683594,0.0
2021-11-26,165.7842559814453,0.0
2021-11-29,170.62741088867188,0.0
2021-11-30,167.8798370361328,0.0
2021-12-01,168.4293670654297,0.0
2021-12-02,168.87815856933594,0.0
2021-12-03,169.0277099609375,0.0
2021-12-06,169.28016662597656,0.0
2021-12-07,174.4971160888672,0.0
2021-12-08,174.141845703125,0.0
2021-12-09,171.72967529296875,0.0
2021-12-10,171.49595642089844,0.0
2021-12-13,166.858642578125,0.0
2021-12-14,164.81114196777344,0.0
2021-12-15,167.84967041015625,0.0
2021-12-16,161.37054443359375,0.0
2021-12-17,159.0425567626953,0.0
2021-12-20,157.3690185546875,0.0
2021-12-21,160.88441467285156,0.0
2021-12-22,161.0807342529297,0.0
2021-12-23,161.42666625976562,0.0
2021-12-27,164.05384826660156,0.0
2021-12-28,163.0347442626953,0.0
2021-12-29,164.10057067871094,0.0
2021-12-30,163.40875244140625,0.0
2021-12-31,164.33433532714844,0.0
2022-01-03,165.62452697753906,1.0
2022-01-04,164.1286163330078,0.0
2022-01-05,161.5949249267578,0.0
2022-01-06,162.10916137695312,0.0
2022-01-07,157.8551788330078,0.0
2022-01-10,159.3136749267578,0.0
2022-01-11,162.3335418701172,0.0
2022-01-12,162.44573974609375,0.0
2022-01-13,158.73402404785156,1.0
2022-01-14,160.80960083007812,0.0
2022-01-18,155.6674346923828,0.0
2022-01-19,152.4512176513672,0.0
2022-01-20,148.30946350097656,0.0
2022-01-21,149.14154052734375,0.0
2022-01-24,150.93663024902344,0.0
2022-01-25,145.63552856445312,0.0
2022-01-26,149.37527465820312,0.0
2022-01-27,144.53228759765625,0.0
2022-01-28,148.30946350097656,0.0
2022-01-31,153.30203247070312,0.0
2022-02-01,154.61093139648438,0.0
2022-02-02,157.920654296875,1.0
2022-02-03,151.4789276123047,0.0
2022-02-04,150.55331420898438,0.0
2022-02-07,150.3569793701172,0.0
2022-02-08,152.5166778564453,0.0
2022-02-09,157.26620483398438,0.0
2022-02-10,151.15167236328125,0.0
2022-02-11,143.88720703125,0.0
2022-02-14,143.9619903564453,0.0
2022-02-15,151.49761962890625,0.0
2022-02-16,157.38771057128906,1.0
2022-02-17,149.9923553466797,0.0
2022-02-18,149.92689514160156,0.0
2022-02-22,150.41311645507812,0.0
2022-02-23,146.30868530273438,0.0
2022-02-24,150.12306213378906,0.0
2022-02-25,152.31210327148438,0.0
2022-02-28,150.59278869628906,0.0
2022-03-01,147.45486450195312,0.0
2022-03-02,150.1512908935547,0.0
2022-03-03,149.6439208984375,0.0
2022-03-04,147.3609619140625,0.0
2022-03-07,137.43038940429688,0.0
2022-03-08,139.53488159179688,0.0
2022-03-09,144.3263397216797,0.0
2022-03-10,141.4514617919922,0.0
2022-03-11,138.67051696777344,0.0
2022-03-14,136.81973266601562,0.0
2022-03-15,141.7896728515625,0.0
2022-03-16,148.97689819335938,0.0
2022-03-17,150.30154418945312,1.0
2022-03-18,153.5616455078125,0.0
2022-03-21,154.28506469726562,0.0
2022-03-22,154.80178833007812,0.0
2022-03-23,149.5123748779297,0.0
2022-03-24,154.9803009033203,0.0
2022-03-25,155.60975646972656,0.0
2022-03-28,157.1411590576172,0.0
2022-03-29,159.884521484375,0.0
2022-03-30,156.4083251953125,0.0
2022-03-31,155.18695068359375,0.0
2022-04-01,155.3560791015625,0.0
2022-04-04,154.54811096191406,0.0
2022-04-05,150.30154418945312,0.0
2022-04-06,150.58338928222656,0.0
2022-04-07,151.4947052001953,0.0
2022-04-08,149.1365966796875,0.0
2022-04-11,145.51950073242188,0.0
2022-04-12,146.0926055908203,0.0
2022-04-13,148.55410766601562,0.0
2022-04-14,147.0321044921875,0.0
2022-04-18,150.6397705078125,0.0
2022-04-19,152.50003051757812,0.0
2022-04-20,151.6168670654297,0.0
2022-04-21,149.10842895507812,0.0
2022-04-22,145.85769653320312,0.0
2022-04-25,149.30567932128906,0.0
2022-04-26,143.56533813476562,0.0
2022-04-27,142.5413055419922,0.0
2022-04-28,150.74314880371094,0.0
2022-04-29,145.0403594970703,0.0
2022-05-02,148.58229064941406,0.0
2022-05-03,149.2587127685547,0.0
2022-05-04,154.80178833007812,0.0
2022-05-05,148.6667938232422,1.0
2022-05-06,146.6844940185547,0.0
2022-05-09,143.03921508789062,0.0
2022-05-10,145.8295135498047,0.0
2022-05-11,142.79493713378906,0.0
2022-05-12,143.6405029296875,0.0
2022-05-13,149.1365966796875,0.0
2022-05-16,147.91525268554688,0.0
2022-05-17,153.92800903320312,1.0
2022-05-18,150.2451934814453,0.0
2022-05-19,151.20350646972656,0.0
2022-05-20,152.61273193359375,0.0
2022-05-23,151.77658081054688,0.0
2022-05-24,152.0584259033203,0.0
2022-05-25,152.50003051757812,0.0
2022-05-26,154.07838439941406,0.0
2022-05-27,158.146484375,0.0
2022-05-31,158.94879150390625,0.0
2022-06-01,155.52252197265625,0.0
2022-06-02,159.7416229248047,0.0
2022-06-03,155.96612548828125,0.0
2022-06-06,155.9944610595703,0.0
2022-06-07,157.58016967773438,0.0
2022-06-08,155.7490234375,0.0
2022-06-09,152.53982543945312,0.0
2022-06-10,148.11306762695312,0.0
2022-06-13,139.47662353515625,0.0
2022-06-14,138.91026306152344,0.0
2022-06-15,141.65696716308594,0.0
2022-06-16,135.4084930419922,0.0
2022-06-17,136.51283264160156,0.0
2022-06-21,140.02406311035156,0.0
2022-06-22,139.36331176757812,0.0
2022-06-23,137.37176513671875,0.0
2022-06-24,141.28884887695312,0.0
2022-06-27,142.1383514404297,0.0
2022-06-28,140.1562042236328,0.0
2022-06-29,139.00469970703125,0.0
2022-06-30,137.89088439941406,0.0
2022-07-01,134.88937377929688,0.0
2022-07-05,135.04042053222656,0.0
2022-07-06,136.57891845703125,0.0
2022-07-07,140.23170471191406,0.0
2022-07-08,141.52479553222656,1.0
2022-07-11,139.2783966064453,0.0
2022-07-12,139.74090576171875,0.0
2022-07-13,140.8169403076172,0.0
2022-07-14,144.70565795898438,0.0
2022-07-15,149.1041259765625,0.0
2022-07-18,146.5368194580078,0.0
2022-07-19,152.38882446289062,0.0
2022-07-20,153.96510314941406,0.0
2022-07-21,155.91893005371094,0.0
2022-07-22,154.10667419433594,0.0
2022-07-25,153.88958740234375,0.0
2022-07-26,152.7003173828125,0.0
2022-07-27,158.88270568847656,0.0
2022-07-28,160.1475067138672,0.0
2022-07-29,162.3089599609375,0.0
2022-08-01,161.8370361328125,0.0
2022-08-02,161.18577575683594,0.0
2022-08-03,166.46200561523438,0.0
2022-08-04,167.02838134765625,0.0
2022-08-05,167.30209350585938,0.0
2022-08-08,165.99009704589844,0.0
2022-08-09,160.80819702148438,0.0
2022-08-10,165.25389099121094,0.0
2022-08-11,164.75360107421875,0.0
2022-08-12,169.1992950439453,0.0
2022-08-15,169.7938995361328,0.0
2022-08-16,168.99160766601562,0.0
2022-08-17,160.58168029785156,0.0
2022-08-18,160.58168029785156,0.0
2022-08-19,158.5712127685547,0.0
2022-08-22,154.64468383789062,0.0
2022-08-23,155.1826934814453,0.0
2022-08-24,154.46534729003906,0.0
2022-08-25,157.69342041015625,0.0
2022-08-26,149.76486206054688,0.0
2022-08-29,147.18516540527344,0.0
2022-08-30,144.85205078125,0.0
2022-08-31,143.7139434814453,0.0
2022-09-01,142.91726684570312,0.0
2022-09-02,140.96353149414062,0.0
2022-09-06,140.58413696289062,0.0
2022-09-07,142.92674255371094,0.0
2022-09-08,144.28298950195312,0.0
2022-09-09,146.2272491455078,0.0
2022-09-12,147.62144470214844,0.0
2022-09-13,140.60313415527344,0.0
2022-09-14,142.49993896484375,0.0
2022-09-15,140.2427215576172,0.0
2022-09-16,141.60845947265625,0.0
2022-09-19,141.89297485351562,0.0
2022-09-20,142.0542449951172,0.0
2022-09-21,140.7833251953125,0.0
2022-09-22,137.84323120117188,0.0
2022-09-23,134.59967041015625,0.0
2022-09-26,133.556396484375,0.0
2022-09-27,134.49530029296875,0.0
2022-09-28,137.1224365234375,0.0
2022-09-29,134.66603088378906,0.0
2022-09-30,132.15269470214844,0.0
2022-10-03,137.64407348632812,0.0
2022-10-04,143.0690155029297,1.0
2022-10-05,144.0553741455078,0.0
2022-10-06,143.18283081054688,0.0
2022-10-07,137.44488525390625,0.0
2022-10-10,133.6322021484375,0.0
2022-10-11,131.6405487060547,0.0
2022-10-12,131.44140625,0.0
2022-10-13,135.3868408203125,0.0
2022-10-14,129.67730712890625,1.0
2022-10-17,131.94407653808594,0.0
2022-10-18,133.82192993164062,0.0
2022-10-19,134.04006958007812,0.0
2022-10-20,134.75137329101562,1.0
2022-10-21,139.02874755859375,0.0
2022-10-24,137.0749969482422,0.0
2022-10-25,138.8201141357422,0.0
2022-10-26,134.08750915527344,0.0
2022-10-27,133.423583984375,0.0
2022-10-28,137.40696716308594,0.0
2022-10-31,135.26351928710938,0.0
2022-11-01,137.2362518310547,0.0
2022-11-02,133.95472717285156,0.0
2022-11-03,130.9008026123047,0.0
2022-11-04,136.84738159179688,0.0
2022-11-07,141.24806213378906,0.0
2022-11-08,143.24920654296875,0.0
2022-11-09,140.58413696289062,0.0
2022-11-10,152.0979766845703,0.0
2022-11-11,155.59764099121094,0.0
2022-11-14,152.9420623779297,0.0
2022-11-15,156.65037536621094,0.0
2022-11-16,152.95155334472656,0.0
2022-11-17,153.1412353515625,0.0
2022-11-18,153.50161743164062,0.0
2022-11-21,151.02626037597656,0.0
2022-11-22,159.74220275878906,0.0
2022-11-23,160.4724884033203,0.0
2022-11-25,158.47134399414062,0.0
2022-11-28,155.55023193359375,0.0
2022-11-29,155.43637084960938,0.0
2022-11-30,163.04270935058594,0.0
2022-12-01,162.63490295410156,0.0
2022-12-02,160.6438751220703,0.0
2022-12-05,159.8912811279297,0.0
2022-12-06,158.62428283691406,0.0
2022-12-07,158.14796447753906,0.0
2022-12-08,161.6156005859375,0.0
2022-12-09,160.69149780273438,0.0
2022-12-12,164.10195922851562,0.0
2022-12-13,167.17901611328125,0.0
2022-12-14,163.5494384765625,1.0
2022-12-15,158.2241668701172,0.0
2022-12-16,158.9196014404297,0.0
2022-12-19,157.3191680908203,0.0
2022-12-20,156.5475311279297,0.0
2022-12-21,159.48165893554688,0.0
2022-12-22,155.99502563476562,0.0
2022-12-23,156.0807342529297,0.0
2022-12-27,154.5183868408203,0.0
2022-12-28,152.6893310546875,0.0
2022-12-29,156.214111328125,0.0
2022-12-30,156.26173400878906,0.0
2023-01-03,154.75656127929688,0.0
2023-01-04,158.0526885986328,0.0
2023-01-05,152.12725830078125,0.0
2023-01-06,157.68115234375,0.0
2023-01-09,159.1863555908203,0.0
2023-01-10,161.20596313476562,0.0
2023-01-11,161.7489471435547,0.0
2023-01-12,160.6820068359375,1.0
2023-01-13,160.97731018066406,0.0
2023-01-17,159.00535583496094,0.0
2023-01-18,158.13844299316406,0.0
2023-01-19,155.40435791015625,0.0
2023-01-20,157.34774780273438,0.0
2023-01-23,161.62510681152344,0.0
2023-01-24,160.8629913330078,0.0
2023-01-25,160.47239685058594,1.0
2023-01-26,162.6539764404297,0.0
2023-01-27,162.7397003173828,0.0
2023-01-30,160.92965698242188,0.0
2023-01-31,163.34939575195312,0.0
2023-02-01,168.22694396972656,0.0
2023-02-02,170.80856323242188,0.0
2023-02-03,170.35128784179688,0.0
2023-02-06,169.1414337158203,0.0
2023-02-07,172.44711303710938,0.0
2023-02-08,169.34149169921875,0.0
2023-02-09,170.0655059814453,0.0
2023-02-10,170.00831604003906,0.0
2023-02-13,171.90411376953125,0.0
2023-02-14,173.89512634277344,0.0
2023-02-15,186.88916015625,0.0
2023-02-16,184.65045166015625,0.0
2023-02-17,183.58348083496094,0.0
2023-02-21,177.16268920898438,0.0
2023-02-22,175.05734252929688,0.0
2023-02-23,176.8578338623047,0.0
2023-02-24,175.08724975585938,0.0
2023-02-27,175.307373046875,0.0
2023-02-28,175.59449768066406,0.0
2023-03-01,175.2499542236328,0.0
2023-03-02,176.66644287109375,0.0
2023-03-03,178.25515747070312,0.0
2023-03-06,177.5565185546875,0.0
2023-03-07,177.00137329101562,0.0
2023-03-08,178.56143188476562,0.0
2023-03-09,175.6806182861328,0.0
2023-03-10,173.9578857421875,0.0
2023-03-13,174.71395874023438,0.0
2023-03-14,178.5709991455078,0.0
2023-03-15,175.07766723632812,0.0
2023-03-16,178.61886596679688,0.0
2023-03-17,177.87232971191406,0.0
2023-03-20,179.03038024902344,0.0
2023-03-21,180.3128662109375,0.0
2023-03-22,178.5997314453125,0.0
2023-03-23,181.3177947998047,0.0
2023-03-24,179.6333465576172,0.0
2023-03-27,176.8386993408203,0.0
2023-03-28,175.71893310546875,0.0
2023-03-29,181.04981994628906,0.0
2023-03-30,185.8734893798828,0.0
2023-03-31,188.7542724609375,1.0
2023-04-03,187.85462951660156,0.0
2023-04-04,186.74441528320312,0.0
2023-04-05,182.19830322265625,0.0
2023-04-06,179.1356964111328,0.0
2023-04-10,182.75340270996094,0.0
2023-04-11,181.27951049804688,0.0
2023-04-12,179.25050354003906,0.0
2023-04-13,180.9828338623047,0.0
2023-04-14,180.41815185546875,0.0
2023-04-17,181.43264770507812,0.0
2023-04-18,181.44224548339844,0.0
2023-04-19,180.4564208984375,0.0
2023-04-20,178.95384216308594,0.0
2023-04-21,178.34129333496094,0.0
2023-04-24,178.9346923828125,0.0
2023-04-25,173.36451721191406,0.0
2023-04-26,172.90512084960938,0.0
2023-04-27,169.99560546875,0.0
2023-04-28,172.15859985351562,0.0
2023-05-01,174.70440673828125,0.0
2023-05-02,175.77633666992188,0.0
2023-05-03,174.56085205078125,0.0
2023-05-04,173.54635620117188,0.0
2023-05-05,175.5179443359375,0.0
2023-05-08,176.5994415283203,0.0
2023-05-09,171.90975952148438,0.0
2023-05-10,173.6420440673828,0.0
2023-05-11,172.83810424804688,0.0
2023-05-12,172.81900024414062,0.0
2023-05-15,176.45587158203125,0.0
2023-05-16,174.9436798095703,1.0
2023-05-17,179.89178466796875,0.0
2023-05-18,184.00718688964844,0.0
2023-05-19,182.35145568847656,0.0
2023-05-22,183.09796142578125,0.0
2023-05-23,179.85348510742188,0.0
2023-05-24,165.7653350830078,0.0
2023-05-25,164.99009704589844,0.0
2023-05-26,168.95240783691406,0.0
2023-05-30,169.8137664794922,0.0
2023-05-31,170.06260681152344,0.0
2023-06-01,172.6658477783203,0.0
2023-06-02,172.90626525878906,0.0
2023-06-05,168.2710723876953,0.0
2023-06-06,171.14645385742188,0.0
2023-06-07,173.4544219970703,0.0
2023-06-08,174.7141876220703,0.0
2023-06-09,175.4643096923828,1.0
2023-06-12,180.4649200439453,0.0
2023-06-13,184.99432373046875,0.0
2023-06-14,184.53271484375,0.0
2023-06-15,182.3882293701172,0.0
2023-06-16,181.13807678222656,0.0
2023-06-20,180.77264404296875,0.0
2023-06-21,178.3300018310547,0.0
2023-06-22,178.97434997558594,0.0
2023-06-23,178.81085205078125,0.0
2023-06-26,179.19552612304688,0.0
2023-06-27,185.0039520263672,0.0
2023-06-28,182.6190185546875,0.0
2023-06-29,182.2151336669922,0.0
2023-06-30,187.34075927734375,0.0
2023-07-03,186.87918090820312,0.0
2023-07-05,182.71517944335938,0.0
2023-07-06,179.05125427246094,0.0
2023-07-07,178.20501708984375,0.0
2023-07-10,183.7249298095703,0.0
2023-07-11,183.62876892089844,0.0
2023-07-12,187.90811157226562,0.0
2023-07-13,190.6680908203125,1.0
2023-07-14,184.60964965820312,0.0
2023-07-17,188.8313446044922,0.0
2023-07-18,188.9659881591797,0.0
2023-07-19,188.2831573486328,0.0
2023-07-20,182.37860107421875,0.0
2023-07-21,184.6000518798828,0.0
2023-07-24,184.99432373046875,0.0
2023-07-25,188.15818786621094,0.0
2023-07-26,184.17691040039062,0.0
2023-07-27,187.95620727539062,0.0
2023-07-28,190.81234741210938,0.0
2023-07-31,191.8798065185547,1.0
2023-08-01,191.83172607421875,0.0
2023-08-02,185.08087158203125,0.0
2023-08-03,184.1480255126953,0.0
2023-08-04,181.12844848632812,0.0
2023-08-07,182.8113555908203,0.0
2023-08-08,179.45516967773438,0.0
2023-08-09,177.72415161132812,0.0
2023-08-10,177.62802124023438,0.0
2023-08-11,176.185546875,0.0
2023-08-14,178.2819366455078,0.0
2023-08-15,174.36801147460938,0.0
2023-08-16,170.3771209716797,0.0
2023-08-17,168.7615509033203,0.0
2023-08-18,169.01153564453125,0.0
2023-08-21,170.42515563964844,0.0
2023-08-22,169.8866729736328,0.0
2023-08-23,170.6752166748047,0.0
2023-08-24,167.03053283691406,0.0
2023-08-25,171.3291473388672,0.0
2023-08-28,173.41595458984375,0.0
2023-08-29,175.56045532226562,0.0
2023-08-30,174.6083984375,1.0
2023-08-31,174.81033325195312,0.0
2023-09-01,176.26934814453125,0.0
2023-09-05,175.40940856933594,0.0
2023-09-06,176.0277862548828,0.0
2023-09-07,172.4334259033203,0.0
2023-09-08,171.47686767578125,0.0
2023-09-11,171.6507568359375,0.0
2023-09-12,169.13856506347656,0.0
2023-09-13,170.2207794189453,0.0
2023-09-14,173.60256958007812,0.0
2023-09-15,172.12423706054688,0.0
2023-09-18,173.65087890625,0.0
2023-09-19,172.713623046875,0.0
2023-09-20,170.13380432128906,0.0
2023-09-21,167.96946716308594,0.0
2023-09-22,169.55406188964844,0.0
2023-09-25,169.50575256347656,0.0
2023-09-26,166.52008056640625,0.0
2023-09-27,166.97421264648438,0.0
2023-09-28,170.4526824951172,0.0
2023-09-29,169.17721557617188,0.0
2023-10-02,169.50575256347656,1.0
2023-10-03,165.71815490722656,0.0
2023-10-04,167.921142578125,0.0
2023-10-05,166.2882080078125,0.0
2023-10-06,168.09506225585938,0.0
2023-10-09,167.46701049804688,1.0
2023-10-10,170.0275115966797,0.0
2023-10-11,169.0129852294922,0.0
2023-10-12,167.73756408691406,0.0
2023-10-13,165.29298400878906,0.0
2023-10-16,166.91624450683594,0.0
2023-10-17,166.78097534179688,0.0
2023-10-18,165.4862518310547,0.0
2023-10-19,163.0223388671875,0.0
2023-10-20,160.8966522216797,0.0
2023-10-23,158.3361053466797,0.0
2023-10-24,159.3603057861328,0.0
2023-10-25,154.39390563964844,0.0
2023-10-26,155.4277801513672,0.0
2023-10-27,155.1475830078125,0.0
2023-10-30,150.615966796875,0.0
2023-10-31,152.01699829101562,0.0
2023-11-01,153.8624725341797,0.0
2023-11-02,158.79026794433594,0.0
2023-11-03,162.2493896484375,0.0
2023-11-06,161.91119384765625,1.0
2023-11-07,162.4329376220703,0.0
2023-11-08,163.20594787597656,0.0
2023-11-09,161.48602294921875,0.0
2023-11-10,166.5007781982422,0.0
2023-11-13,164.89682006835938,0.0
2023-11-14,171.58314514160156,0.0
2023-11-15,174.6750946044922,0.0
2023-11-16,173.76681518554688,0.0
2023-11-17,176.86842346191406,0.0
2023-11-20,177.61244201660156,0.0
2023-11-21,175.1291961669922,0.0
2023-11-22,176.50125122070312,0.0
2023-11-24,176.86842346191406,0.0
2023-11-27,177.56410217285156,0.0
2023-11-28,177.01336669921875,0.0
2023-11-29,176.53990173339844,0.0
2023-11-30,177.18727111816406,0.0
2023-12-01,177.72122192382812,0.0
2023-12-04,177.90565490722656,0.0
2023-12-05,175.35247802734375,0.0
2023-12-06,175.2942657470703,0.0
2023-12-07,178.99293518066406,0.0
2023-12-08,179.4783172607422,0.0
2023-12-11,184.57493591308594,0.0
2023-12-12,185.39039611816406,1.0
2023-12-13,186.6524200439453,0.0
2023-12-14,194.32159423828125,0.0
2023-12-15,195.01084899902344,0.0
2023-12-18,190.84620666503906,0.0
2023-12-19,192.04995727539062,0.0
2023-12-20,186.5747528076172,0.0
2023-12-21,190.54522705078125,0.0
2023-12-22,191.34127807617188,0.0
2023-12-26,193.0595703125,0.0
2023-12-27,193.52554321289062,0.0
2023-12-28,194.38954162597656,0.0
2023-12-29,192.7586212158203,0.0
2024-01-02,187.92416381835938,0.0
2024-01-03,183.43914794921875,0.0
2024-01-04,180.63357543945312,0.0
2024-01-05,181.09951782226562,0.0
2024-01-08,183.45851135253906,0.0
2024-01-09,184.21572875976562,0.0
2024-01-10,182.86636352539062,0.0
2024-01-11,183.43914794921875,0.0
2024-01-12,182.85665893554688,0.0
2024-01-16,182.30328369140625,0.0
2024-01-17,180.01223754882812,0.0
2024-01-18,184.4196014404297,0.0
2024-01-19,189.07936096191406,0.0
2024-01-22,191.54515075683594,0.0
2024-01-23,195.4865264892578,1.0
2024-01-24,192.50624084472656,0.0
2024-01-25,191.53543090820312,0.0
2024-01-26,188.26390075683594,0.0
2024-01-29,191.4383544921875,0.0
2024-01-30,189.05026245117188,0.0
2024-01-31,186.73977661132812,0.0
2024-02-01,186.39999389648438,0.0
2024-02-02,186.4873809814453,0.0
2024-02-05,186.93392944335938,0.0
2024-02-06,184.16720581054688,0.0
2024-02-07,186.3611602783203,0.0
2024-02-08,188.39010620117188,0.0
2024-02-09,189.3220672607422,0.0
2024-02-12,188.38040161132812,0.0
2024-02-13,179.2938690185547,0.0
2024-02-14,180.87625122070312,0.0
2024-02-15,182.06060791015625,0.0
2024-02-16,182.74014282226562,0.0
2024-02-20,183.8662567138672,0.0
2024-02-21,188.06004333496094,0.0
2024-02-22,186.3029327392578,0.0
2024-02-23,184.55551147460938,0.0
2024-02-26,183.48764038085938,0.0
2024-02-27,183.54591369628906,0.0
2024-02-28,182.27418518066406,0.0
2024-02-29,186.21556091308594,0.0
2024-03-01,190.42877197265625,0.0
2024-03-04,189.863037109375,1.0
2024-03-05,185.12281799316406,0.0
2024-03-06,186.97598266601562,0.0
2024-03-07,193.35482788085938,0.0
2024-03-08,191.11151123046875,0.0
2024-03-11,193.32557678222656,0.0
2024-03-12,194.29115295410156,0.0
2024-03-13,193.70596313476562,0.0
2024-03-14,189.63870239257812,0.0
2024-03-15,190.38973999023438,0.0
2024-03-18,186.5078125,0.0
2024-03-19,185.84457397460938,0.0
2024-03-20,189.5314178466797,0.0
2024-03-21,190.34097290039062,0.0
2024-03-22,188.74139404296875,0.0
2024-03-25,185.93235778808594,0.0
2024-03-26,184.3035125732422,0.0
2024-03-27,188.56582641601562,0.0
2024-03-28,192.91590881347656,0.0
2024-04-01,191.7747344970703,0.0
2024-04-02,190.07762145996094,1.0
2024-04-03,190.5457763671875,0.0
2024-04-04,187.21983337402344,0.0
2024-04-05,189.9605712890625,0.0
2024-04-08,191.843017578125,0.0
2024-04-09,199.08990478515625,1.0
2024-04-10,191.4918670654297,0.0
2024-04-11,193.74497985839844,0.0
2024-04-12,187.53195190429688,0.0
2024-04-15,185.60072326660156,0.0
2024-04-16,186.517578125,0.0
2024-04-17,184.76190185546875,0.0
2024-04-18,182.95751953125,0.0
2024-04-19,178.8415069580078,0.0
2024-04-22,181.71881103515625,0.0
2024-04-23,185.2495880126953,0.0
2024-04-24,191.65769958496094,0.0
2024-04-25,193.06222534179688,0.0
2024-04-26,196.99290466308594,1.0
2024-04-29,198.8753204345703,0.0
2024-04-30,195.6664276123047,0.0
2024-05-01,189.1120147705078,0.0
2024-05-02,191.64796447753906,0.0
2024-05-03,194.71058654785156,0.0
2024-05-06,198.30963134765625,0.0
2024-05-07,198.55349731445312,0.0
2024-05-08,199.81167602539062,0.0
2024-05-09,199.74342346191406,0.0
2024-05-10,202.0842742919922,0.0
2024-05-13,203.2449493408203,0.0
2024-05-14,206.7172088623047,0.0
2024-05-15,210.43331909179688,0.0
2024-05-16,208.84349060058594,0.0
2024-05-17,208.80447387695312,0.0
2024-05-20,212.12069702148438,0.0
2024-05-21,211.3013916015625,0.0
2024-05-22,234.24180603027344,0.0
2024-05-23,228.77980041503906,0.0
2024-05-24,226.78028869628906,0.0
2024-05-28,227.68740844726562,0.0
2024-05-29,222.5277557373047,0.0
2024-05-30,224.3321533203125,0.0
2024-05-31,228.71153259277344,0.0
2024-06-03,226.4877166748047,0.0
2024-06-04,225.8414306640625,0.0
2024-06-05,230.7865447998047,0.0
2024-06-06,232.4806365966797,0.0
2024-06-07,229.8954620361328,0.0
2024-06-10,230.48300170898438,0.0
2024-06-11,231.39369201660156,0.0
2024-06-12,233.48924255371094,0.0
2024-06-13,229.1708221435547,0.0
2024-06-14,226.38980102539062,0.0
2024-06-17,227.5648651123047,0.0
2024-06-18,230.49278259277344,0.0
2024-06-20,224.74465942382812,0.0
2024-06-21,226.252685546875,0.0
2024-06-24,223.7164764404297,0.0
2024-06-25,225.55743408203125,0.0
2024-06-26,223.1093292236328,0.0
2024-06-27,221.97341918945312,0.0
2024-06-28,223.52061462402344,0.0
2024-07-01,220.50457763671875,0.0
2024-07-02,223.50103759765625,0.0
2024-07-03,225.24407958984375,0.0
2024-07-05,226.0960235595703,0.0
2024-07-08,228.49513244628906,0.0
2024-07-09,227.1927490234375,0.0
2024-07-10,233.3815460205078,0.0
2024-07-11,228.8868408203125,0.0
2024-07-12,233.60675048828125,0.0
2024-07-15,232.78419494628906,1.0
2024-07-16,238.27772521972656,0.0
2024-07-17,230.71800231933594,0.0
2024-07-18,234.02783203125,0.0
2024-07-19,226.41915893554688,0.0
2024-07-22,235.05601501464844,0.0
2024-07-23,225.53785705566406,1.0
2024-07-24,219.95619201660156,0.0
2024-07-25,216.33302307128906,0.0
2024-07-26,221.72862243652344,0.0
2024-07-29,222.67848205566406,0.0
2024-07-30,219.9170379638672,0.0
2024-07-31,226.5758514404297,0.0
2024-08-01,214.37454223632812,0.0
2024-08-02,203.64210510253906,0.0
2024-08-05,196.39576721191406,0.0
2024-08-06,200.62606811523438,0.0
2024-08-07,197.13018798828125,0.0
2024-08-08,209.2041778564453,0.0
2024-08-09,206.9225616455078,0.0
2024-08-12,207.6765899658203,0.0
2024-08-13,213.4834442138672,0.0
2024-08-14,210.84930419921875,0.0
2024-08-15,219.0259246826172,0.0
2024-08-16,218.55587768554688,1.0
2024-08-19,221.2585906982422,0.0
2024-08-20,218.84967041015625,0.0
2024-08-21,222.77639770507812,0.0
2024-08-22,217.30247497558594,0.0
2024-08-23,223.64793395996094,0.0
2024-08-26,220.9256591796875,0.0
2024-08-27,227.02626037597656,0.0
2024-08-28,222.45326232910156,0.0
2024-08-29,226.0960235595703,0.0
2024-08-30,229.96400451660156,0.0
2024-09-03,215.01123046875,0.0
2024-09-04,218.04896545410156,0.0
2024-09-05,215.35531616210938,0.0
2024-09-06,210.02696228027344,0.0
2024-09-09,214.86376953125,0.0
2024-09-10,215.02105712890625,0.0
2024-09-11,221.263671875,0.0
2024-09-12,217.78353881835938,0.0
2024-09-13,221.6077423095703,0.0
2024-09-16,219.50393676757812,1.0
2024-09-17,221.53895568847656,0.0
2024-09-18,218.874755859375,0.0
2024-09-19,229.50193786621094,0.0
2024-09-20,222.94476318359375,0.0
2024-09-23,222.18775939941406,0.0
2024-09-24,223.48545837402344,0.0
2024-09-25,222.80711364746094,0.0
2024-09-26,228.52870178222656,0.0
2024-09-27,228.12562561035156,0.0
2024-09-30,226.2774200439453,0.0
2024-10-01,219.88735961914062,0.0
2024-10-02,223.87869262695312,0.0
2024-10-03,222.7284698486328,0.0
2024-10-04,224.3702392578125,0.0
2024-10-07,222.67930603027344,0.0
2024-10-08,225.5204315185547,0.0
2024-10-09,229.29550170898438,0.0
2024-10-10,226.7984619140625,1.0
2024-10-11,228.92193603515625,0.0
2024-10-14,232.43154907226562,0.0
2024-10-15,222.05014038085938,0.0
2024-10-16,223.6427459716797,0.0
2024-10-17,223.49526977539062,0.0
2024-10-18,224.4685516357422,0.0
2024-10-21,221.853515625,0.0
2024-10-22,220.8212890625,0.0
2024-10-23,223.01358032226562,0.0
2024-10-24,225.7957000732422,0.0
2024-10-25,226.2774200439453,0.0
2024-10-28,226.2479248046875,0.0
2024-10-29,231.25184631347656,0.0
2024-10-30,226.22825622558594,1.0
2024-10-31,219.33680725097656,0.0
2024-11-01,221.66671752929688,0.0
2024-11-04,220.39854431152344,0.0
2024-11-05,213.92001342773438,0.0
2024-11-06,222.4237060546875,0.0
2024-11-07,223.91802978515625,0.0
2024-11-08,221.98133850097656,0.0
2024-11-11,216.74147033691406,0.0
2024-11-12,215.8370361328125,0.0
2024-11-13,209.24050903320312,0.0
2024-11-14,208.65065002441406,0.0
2024-11-15,202.86026000976562,0.0
2024-11-18,206.1044464111328,0.0
2024-11-19,206.87124633789062,0.0
2024-11-20,207.4414520263672,0.0
2024-11-21,210.34156799316406,0.0
2024-11-22,210.96090698242188,0.0
2024-11-25,219.7988739013672,0.0
2024-11-26,215.34548950195312,1.0
2024-11-27,213.49728393554688,0.0
2024-11-29,214.3623809814453,0.0
2024-12-02,219.34664916992188,0.0
2024-12-03,217.79336547851562,0.0
2024-12-04,214.60816955566406,0.0
2024-12-05,210.9215850830078,0.0
2024-12-06,214.50985717773438,0.0
2024-12-09,216.24742126464844,0.0
2024-12-10,212.8611297607422,0.0
2024-12-11,214.35189819335938,0.0
2024-12-12,214.94424438476562,0.0
2024-12-13,213.84840393066406,0.0
2024-12-16,213.55221557617188,0.0
2024-12-17,211.09397888183594,0.0
2024-12-18,205.12109375,0.0
2024-12-19,205.13096618652344,0.0
2024-12-20,209.07997131347656,0.0
2024-12-23,212.1503143310547,0.0
2024-12-24,215.3095245361328,0.0
2024-12-26,215.27992248535156,1.0
2024-12-27,214.2235565185547,0.0
2024-12-30,209.85003662109375,0.0
2024-12-31,209.75131225585938,0.0
