Date,Close,signal
2011-03-03,15.280715942382812,0.0
2011-03-04,15.320441246032715,0.0
2011-03-07,15.3452730178833,0.0
2011-03-08,15.38004207611084,0.0
2011-03-09,15.27078628540039,0.0
2011-03-10,14.94798469543457,0.0
2011-03-11,14.94798469543457,0.0
2011-03-14,14.893360137939453,0.0
2011-03-15,14.838735580444336,0.0
2011-03-16,14.923157691955566,0.0
2011-03-17,14.97281551361084,0.0
2011-03-18,15.146632194519043,0.0
2011-03-21,15.305547714233398,0.0
2011-03-22,15.245950698852539,0.0
2011-03-23,14.908258438110352,0.0
2011-03-24,14.923157691955566,0.0
2011-03-25,14.659954071044922,0.0
2011-03-28,14.709617614746094,0.0
2011-03-29,14.794036865234375,0.0
2011-03-30,14.744372367858887,0.0
2011-03-31,14.7195463180542,0.0
2011-04-01,14.650015830993652,0.0
2011-04-04,14.620221138000488,0.0
2011-04-05,14.620221138000488,0.0
2011-04-06,14.63015365600586,0.0
2011-04-07,14.510969161987305,0.0
2011-04-08,14.565604209899902,0.0
2011-04-11,14.52586555480957,0.0
2011-04-12,14.267633438110352,0.0
2011-04-13,14.317293167114258,1.0
2011-04-14,14.461308479309082,1.0
2011-04-15,14.342123031616211,0.0
2011-04-18,14.163336753845215,0.0
2011-04-19,14.292457580566406,1.0
2011-04-20,14.625194549560547,0.0
2011-04-21,14.714581489562988,0.0
2011-04-25,14.580496788024902,0.0
2011-04-26,14.461308479309082,0.0
2011-04-27,14.332191467285156,0.0
2011-04-28,14.387080192565918,0.0
2011-04-29,14.262328147888184,0.0
2011-05-02,14.382095336914062,0.0
2011-05-03,14.067703247070312,0.0
2011-05-04,13.95292854309082,0.0
2011-05-05,13.962904930114746,0.0
2011-05-06,13.972886085510254,0.0
2011-05-09,14.117608070373535,0.0
2011-05-10,14.232379913330078,0.0
2011-05-11,14.127586364746094,0.0
2011-05-12,14.19744873046875,0.0
2011-05-13,13.937955856323242,0.0
2011-05-16,13.743330001831055,0.0
2011-05-17,13.723373413085938,0.0
2011-05-18,13.753314971923828,0.0
2011-05-19,14.117608070373535,0.0
2011-05-20,14.222399711608887,0.0
2011-05-23,14.137564659118652,0.0
2011-05-24,14.501862525939941,0.0
2011-05-25,14.48189640045166,0.0
2011-05-26,14.317214012145996,0.0
2011-05-27,14.561748504638672,0.0
2011-05-31,14.616639137268066,0.0
2011-06-01,14.471918106079102,0.0
2011-06-02,14.661545753479004,0.0
2011-06-03,14.84619140625,0.0
2011-06-06,14.731424331665039,0.0
2011-06-07,14.866151809692383,0.0
2011-06-08,14.836216926574707,0.0
2011-06-09,14.816251754760742,0.0
2011-06-10,14.736405372619629,0.0
2011-06-13,14.696483612060547,0.0
2011-06-14,14.721429824829102,0.0
2011-06-15,14.651566505432129,0.0
2011-06-16,14.576714515686035,0.0
2011-06-17,14.821247100830078,0.0
2011-06-20,14.776322364807129,0.0
2011-06-21,14.781320571899414,0.0
2011-06-22,14.781320571899414,0.0
2011-06-23,14.521825790405273,0.0
2011-06-24,14.27230453491211,0.0
2011-06-27,14.102636337280273,0.0
2011-06-28,14.122596740722656,0.0
2011-06-29,14.172499656677246,0.0
2011-06-30,14.337177276611328,0.0
2011-07-01,14.606658935546875,0.0
2011-07-05,14.601663589477539,0.0
2011-07-06,14.526812553405762,0.0
2011-07-07,14.461939811706543,0.0
2011-07-08,14.431990623474121,0.0
2011-07-11,14.152539253234863,0.0
2011-07-12,14.057722091674805,0.0
2011-07-13,14.067703247070312,0.0
2011-07-14,13.987858772277832,0.0
2011-07-15,14.267315864562988,0.0
2011-07-18,14.067703247070312,0.0
2011-07-19,14.147546768188477,0.0
2011-07-20,14.222399711608887,0.0
2011-07-21,14.227392196655273,0.0
2011-07-22,14.152539253234863,0.0
2011-07-25,13.723373413085938,0.0
2011-07-26,13.758299827575684,0.0
2011-07-27,14.062711715698242,0.0
2011-07-28,14.203943252563477,0.0
2011-07-29,14.239252090454102,0.0
2011-08-01,14.239252090454102,0.0
2011-08-02,14.047581672668457,0.0
2011-08-03,13.982008934020996,0.0
2011-08-04,13.351506233215332,0.0
2011-08-05,13.074087142944336,0.0
2011-08-08,11.934139251708984,1.0
2011-08-09,13.074087142944336,1.0
2011-08-10,13.13965892791748,0.0
2011-08-11,13.845821380615234,0.0
2011-08-12,13.502820014953613,0.0
2011-08-15,13.659189224243164,0.0
2011-08-16,13.366639137268066,0.0
2011-08-17,13.255666732788086,0.0
2011-08-18,12.519243240356445,0.0
2011-08-19,12.01484203338623,0.0
2011-08-22,11.984580993652344,0.0
2011-08-23,12.378007888793945,0.0
2011-08-24,12.332615852355957,0.0
2011-08-25,12.332615852355957,0.0
2011-08-26,12.499069213867188,0.0
2011-08-29,12.766400337219238,0.0
2011-08-30,12.796663284301758,0.0
2011-08-31,13.038776397705078,0.0
2011-09-01,12.973203659057617,0.0
2011-09-02,12.7058687210083,0.0
2011-09-06,12.796663284301758,0.0
2011-09-07,12.831972122192383,0.0
2011-09-08,12.811797142028809,0.0
2011-09-09,12.534372329711914,0.0
2011-09-12,12.589859962463379,0.0
2011-09-13,12.594908714294434,0.0
2011-09-14,12.736140251159668,0.0
2011-09-15,12.882412910461426,0.0
2011-09-16,12.862235069274902,0.0
2011-09-19,13.457430839538574,0.0
2011-09-20,13.467519760131836,0.0
2011-09-21,13.39185619354248,0.0
2011-09-22,12.958070755004883,0.0
2011-09-23,12.872323989868164,0.0
2011-09-26,13.285933494567871,0.0
2011-09-27,13.63397216796875,0.0
2011-09-28,13.427166938781738,0.0
2011-09-29,13.275843620300293,0.0
2011-09-30,13.058952331542969,0.0
2011-10-03,12.852150917053223,0.0
2011-10-04,13.13965892791748,0.0
2011-10-05,13.41203498840332,0.0
2011-10-06,13.467519760131836,0.0
2011-10-07,13.285933494567871,0.0
2011-10-10,13.553265571594238,0.0
2011-10-11,13.54317569732666,0.0
2011-10-12,13.56839656829834,0.0
2011-10-13,13.578489303588867,0.0
2011-10-14,13.563359260559082,0.0
2011-10-17,14.219079971313477,0.0
2011-10-18,14.153501510620117,0.0
2011-10-19,13.911394119262695,0.0
2011-10-20,14.239252090454102,0.0
2011-10-21,14.73861312866211,0.0
2011-10-24,15.121955871582031,0.0
2011-10-25,15.187530517578125,0.0
2011-10-26,14.960546493530273,0.0
2011-10-27,15.001309394836426,0.0
2011-10-28,14.828060150146484,0.0
2011-10-31,14.573281288146973,0.0
2011-11-01,14.175834655761719,0.0
2011-11-02,14.298121452331543,0.0
2011-11-03,14.35417366027832,0.0
2011-11-04,14.425508499145508,0.0
2011-11-07,14.247171401977539,0.0
2011-11-08,14.343986511230469,0.0
2011-11-09,13.773283004760742,0.0
2011-11-10,13.977105140686035,0.0
2011-11-11,14.048444747924805,0.0
2011-11-14,14.129969596862793,0.0
2011-11-15,14.247171401977539,0.0
2011-11-16,14.150354385375977,0.0
2011-11-17,14.4306058883667,0.0
2011-11-18,14.394940376281738,0.0
2011-11-21,14.568190574645996,0.0
2011-11-22,14.578384399414062,0.0
2011-11-23,14.277739524841309,0.0
2011-11-25,14.777103424072266,0.0
2011-11-28,14.675196647644043,0.0
2011-11-29,15.05227279663086,0.0
2011-11-30,15.031885147094727,0.0
2011-12-01,15.419145584106445,0.0
2011-12-02,15.796216011047363,0.0
2011-12-05,15.750358581542969,0.0
2011-12-06,15.724879264831543,0.0
2011-12-07,15.500677108764648,0.0
2011-12-08,15.057361602783203,0.0
2011-12-09,15.082840919494629,0.0
2011-12-12,15.026789665222168,0.0
2011-12-13,14.879020690917969,0.0
2011-12-14,14.822969436645508,0.0
2011-12-15,14.690481185913086,0.0
2011-12-16,15.2051362991333,0.0
2011-12-19,15.179654121398926,0.0
2011-12-20,15.35799789428711,0.0
2011-12-21,15.64844036102295,0.0
2011-12-22,15.77074909210205,0.0
2011-12-23,15.98475456237793,0.0
2011-12-27,16.17329216003418,0.0
2011-12-28,15.943991661071777,0.0
2011-12-29,16.081565856933594,0.0
2011-12-30,16.39239501953125,0.0
2012-01-03,16.55545425415039,0.0
2012-01-04,16.55545425415039,0.0
2012-01-05,16.636980056762695,0.0
2012-01-06,16.759275436401367,0.0
2012-01-09,16.71851348876953,0.0
2012-01-10,16.907052993774414,0.0
2012-01-11,17.014055252075195,0.0
2012-01-12,16.856094360351562,0.0
2012-01-13,16.743993759155273,0.0
2012-01-17,16.850997924804688,0.0
2012-01-18,16.72870635986328,0.0
2012-01-19,16.830610275268555,0.0
2012-01-20,16.698131561279297,0.0
2012-01-23,16.71851348876953,0.0
2012-01-24,16.65227508544922,0.0
2012-01-25,16.932525634765625,0.0
2012-01-26,16.733800888061523,0.0
2012-01-27,16.656631469726562,0.0
2012-01-30,16.584619522094727,0.0
2012-01-31,16.702930450439453,0.0
2012-02-01,16.630916595458984,0.0
2012-02-02,16.55375862121582,0.0
2012-02-03,16.420011520385742,0.0
2012-02-06,16.59490203857422,0.0
2012-02-07,16.378856658935547,0.0
2012-02-08,16.497167587280273,0.0
2012-02-09,16.790382385253906,0.0
2012-02-10,16.641204833984375,0.0
2012-02-13,16.75438117980957,0.0
2012-02-14,16.620630264282227,0.0
2012-02-15,16.538320541381836,0.0
2012-02-16,16.630916595458984,0.0
2012-02-17,16.57947540283203,0.0
2012-02-21,16.497167587280273,0.0
2012-02-22,16.57947540283203,0.0
2012-02-23,16.625770568847656,0.0
2012-02-24,17.099035263061523,0.0
2012-02-27,17.880931854248047,0.0
2012-02-28,18.13814353942871,0.0
2012-02-29,18.127857208251953,0.0
2012-03-01,18.477651596069336,0.0
2012-03-02,18.667991638183594,0.0
2012-03-05,18.637117385864258,0.0
2012-03-06,18.18444061279297,0.0
2012-03-07,18.673128128051758,0.0
2012-03-08,18.894325256347656,0.0
2012-03-09,19.300708770751953,0.0
2012-03-12,18.89946746826172,0.0
2012-03-13,18.832597732543945,0.0
2012-03-14,18.544530868530273,0.0
2012-03-15,18.64740562438965,0.0
2012-03-16,18.956052780151367,0.0
2012-03-19,19.105236053466797,0.0
2012-03-20,18.904621124267578,0.0
2012-03-21,19.069223403930664,0.0
2012-03-22,19.228689193725586,0.0
2012-03-23,19.856273651123047,0.0
2012-03-26,19.737958908081055,0.0
2012-03-27,19.773969650268555,0.0
2012-03-28,20.19063949584961,0.0
2012-03-29,20.067182540893555,0.0
2012-03-30,19.882003784179688,0.0
2012-04-02,20.113479614257812,0.0
2012-04-03,20.437559127807617,0.0
2012-04-04,20.17521095275879,0.0
2012-04-05,20.499292373657227,0.0
2012-04-09,20.25752830505371,0.0
2012-04-10,19.599071502685547,0.0
2012-04-11,19.66594123840332,0.0
2012-04-12,19.815120697021484,0.0
2012-04-13,19.7585391998291,0.0
2012-04-16,19.393306732177734,0.0
2012-04-17,19.15667152404785,0.0
2012-04-18,19.16182518005371,0.0
2012-04-19,18.894325256347656,0.0
2012-04-20,18.601106643676758,0.0
2012-04-23,18.06098175048828,0.0
2012-04-24,18.050697326660156,0.0
2012-04-25,18.477651596069336,0.0
2012-04-26,18.519176483154297,0.0
2012-04-27,18.602224349975586,0.0
2012-04-30,18.633373260498047,0.0
2012-05-01,18.903263092041016,0.0
2012-05-02,18.877307891845703,0.0
2012-05-03,18.555511474609375,0.0
2012-05-04,18.295995712280273,0.0
2012-05-07,18.244091033935547,0.0
2012-05-08,18.150665283203125,0.0
2012-05-09,17.688722610473633,0.0
2012-05-10,17.802902221679688,0.0
2012-05-11,17.642009735107422,0.0
2012-05-14,17.41362762451172,0.0
2012-05-15,17.283870697021484,1.0
2012-05-16,17.257923126220703,1.0
2012-05-17,17.12816619873047,1.0
2012-05-18,16.868648529052734,1.0
2012-05-21,17.315013885498047,1.0
2012-05-22,17.543386459350586,0.0
2012-05-23,17.211212158203125,0.0
2012-05-24,16.666221618652344,0.0
2012-05-25,16.82712173461914,0.0
2012-05-29,17.387678146362305,0.0
2012-05-30,17.475914001464844,0.0
2012-05-31,17.745813369750977,0.0
2012-06-01,16.79078483581543,0.0
2012-06-04,17.12816619873047,0.0
2012-06-05,17.138547897338867,0.0
2012-06-06,16.557220458984375,0.0
2012-06-07,16.34442138671875,0.0
2012-06-08,16.365182876586914,0.0
2012-06-11,16.31846809387207,0.0
2012-06-12,16.27175521850586,0.0
2012-06-13,16.209468841552734,0.0
2012-06-14,16.334035873413086,0.0
2012-06-15,16.557220458984375,0.0
2012-06-18,16.531274795532227,0.0
2012-06-19,16.79597282409668,0.0
2012-06-20,16.785600662231445,0.0
2012-06-21,16.59874153137207,0.0
2012-06-22,16.443031311035156,0.0
2012-06-25,16.001859664916992,0.0
2012-06-26,15.965522766113281,0.0
2012-06-27,16.084903717041016,0.0
2012-06-28,16.204282760620117,0.0
2012-06-29,16.72331428527832,0.0
2012-07-02,16.99321746826172,0.0
2012-07-03,17.211212158203125,0.0
2012-07-05,17.26311683654785,0.0
2012-07-06,17.107398986816406,0.0
2012-07-09,16.99321746826172,0.0
2012-07-10,17.01917266845703,0.0
2012-07-11,17.154109954833984,0.0
2012-07-12,17.30463218688965,0.0
2012-07-13,17.927474975585938,0.0
2012-07-16,18.01052474975586,0.0
2012-07-17,18.186996459960938,0.0
2012-07-18,18.368648529052734,0.0
2012-07-19,18.295995712280273,0.0
2012-07-20,18.161048889160156,0.0
2012-07-23,18.093563079833984,0.0
2012-07-24,18.098752975463867,0.0
2012-07-25,18.301185607910156,0.0
2012-07-26,18.539936065673828,0.0
2012-07-27,18.77057456970215,0.0
2012-07-30,18.78105926513672,0.0
2012-07-31,18.77057456970215,0.0
2012-08-01,18.73387908935547,0.0
2012-08-02,18.555660247802734,0.0
2012-08-03,18.8125057220459,0.0
2012-08-06,18.95927619934082,0.0
2012-08-07,19.095563888549805,0.0
2012-08-08,18.94354820251465,0.0
2012-08-09,18.77057456970215,0.0
2012-08-10,18.157289505004883,0.0
2012-08-13,18.204469680786133,0.0
2012-08-14,18.225439071655273,0.0
2012-08-15,18.078672409057617,0.0
2012-08-16,18.06818199157715,0.0
2012-08-17,17.93714141845703,0.0
2012-08-20,18.272611618041992,0.0
2012-08-21,18.33027458190918,0.0
2012-08-22,18.33027458190918,0.0
2012-08-23,18.26736831665039,0.0
2012-08-24,18.498008728027344,0.0
2012-08-27,18.49275779724121,0.0
2012-08-28,18.466554641723633,0.0
2012-08-29,18.57663345336914,0.0
2012-08-30,18.57663345336914,0.0
2012-08-31,18.749605178833008,0.0
2012-09-04,18.702428817749023,0.0
2012-09-05,18.608081817626953,0.0
2012-09-06,18.73387908935547,0.0
2012-09-07,18.786298751831055,0.0
2012-09-10,18.74436378479004,0.0
2012-09-11,18.739126205444336,0.0
2012-09-12,18.69719123840332,0.0
2012-09-13,18.85443878173828,0.0
2012-09-14,18.99072265625,0.0
2012-09-17,18.99596405029297,0.0
2012-09-18,18.896377563476562,0.0
2012-09-19,18.843955993652344,0.0
2012-09-20,18.69194984436035,0.0
2012-09-21,18.712915420532227,0.0
2012-09-24,18.765329360961914,0.0
2012-09-25,18.62380599975586,0.0
2012-09-26,18.42462158203125,0.0
2012-09-27,18.69194984436035,0.0
2012-09-28,18.618566513061523,0.0
2012-10-01,18.58187484741211,0.0
2012-10-02,18.608081817626953,0.0
2012-10-03,18.891132354736328,0.0
2012-10-04,19.001209259033203,0.0
2012-10-05,18.891132354736328,0.0
2012-10-08,18.639524459838867,0.0
2012-10-09,18.387928009033203,0.0
2012-10-10,18.429861068725586,0.0
2012-10-11,18.393173217773438,0.0
2012-10-12,18.083908081054688,0.0
2012-10-15,18.28833770751953,0.0
2012-10-16,18.618566513061523,0.0
2012-10-17,18.749605178833008,0.0
2012-10-18,18.802021026611328,0.0
2012-10-19,18.33027458190918,0.0
2012-10-22,18.214956283569336,0.0
2012-10-23,18.021005630493164,0.0
2012-10-24,18.1153621673584,0.0
2012-10-25,18.377450942993164,0.0
2012-10-26,18.18874740600586,0.0
2012-10-31,18.384721755981445,0.0
2012-11-01,18.315860748291016,0.0
2012-11-02,18.066917419433594,0.0
2012-11-05,17.950395584106445,0.0
2012-11-06,18.093400955200195,0.0
2012-11-07,17.65907859802246,0.0
2012-11-08,17.447214126586914,0.0
2012-11-09,17.256534576416016,0.0
2012-11-12,17.230045318603516,0.0
2012-11-13,17.07644271850586,0.0
2012-11-14,17.01288604736328,1.0
2012-11-15,16.9652099609375,1.0
2012-11-16,17.10822296142578,1.0
2012-11-19,17.733224868774414,0.0
2012-11-20,17.72263526916504,0.0
2012-11-21,17.72263526916504,0.0
2012-11-23,17.860349655151367,0.0
2012-11-26,17.839162826538086,0.0
2012-11-27,17.88153648376465,0.0
2012-11-28,18.07221794128418,0.0
2012-11-29,18.125185012817383,0.0
2012-11-30,17.908023834228516,0.0
2012-12-03,17.9556941986084,0.0
2012-12-04,17.966283798217773,0.0
2012-12-05,17.918615341186523,0.0
2012-12-06,17.81268310546875,0.0
2012-12-07,17.786195755004883,0.0
2012-12-10,17.823278427124023,0.0
2012-12-11,17.81268310546875,0.0
2012-12-12,17.860349655151367,0.0
2012-12-13,17.9027156829834,0.0
2012-12-14,17.860349655151367,0.0
2012-12-17,18.252302169799805,0.0
2012-12-18,18.691932678222656,0.0
2012-12-19,18.665441513061523,0.0
2012-12-20,18.78726577758789,0.0
2012-12-21,18.71841049194336,0.0
2012-12-24,18.554214477539062,0.0
2012-12-26,18.405912399291992,0.0
2012-12-27,18.416505813598633,0.0
2012-12-28,18.337053298950195,0.0
2012-12-31,18.713115692138672,0.0
2013-01-02,19.34871482849121,0.0
2013-01-03,19.587066650390625,0.0
2013-01-04,19.444053649902344,0.0
2013-01-07,19.76714324951172,0.0
2013-01-08,19.777740478515625,0.0
2013-01-09,19.66121482849121,0.0
2013-01-10,19.65062141418457,0.0
2013-01-11,19.629436492919922,0.0
2013-01-14,19.565872192382812,0.0
2013-01-15,19.512907028198242,0.0
2013-01-16,19.385787963867188,0.0
2013-01-17,19.724773406982422,0.0
2013-01-18,19.814821243286133,0.0
2013-01-22,20.016098022460938,0.0
2013-01-23,19.90486717224121,0.0
2013-01-24,19.719478607177734,0.0
2013-01-25,19.73007583618164,0.0
2013-01-28,19.87837791442871,0.0
2013-01-29,19.953271865844727,0.0
2013-01-30,20.183290481567383,0.0
2013-01-31,20.038862228393555,0.0
2013-02-01,20.054916381835938,0.0
2013-02-04,19.568113327026367,0.0
2013-02-05,19.996063232421875,0.0
2013-02-06,19.937223434448242,0.0
2013-02-07,20.204694747924805,0.0
2013-02-08,20.11375617980957,0.0
2013-02-11,20.1405029296875,0.0
2013-02-12,20.188642501831055,0.0
2013-02-13,20.220741271972656,0.0
2013-02-14,20.097702026367188,0.0
2013-02-15,20.070953369140625,0.0
2013-02-19,20.017459869384766,0.0
2013-02-20,19.862337112426758,0.0
2013-02-21,19.648361206054688,0.0
2013-02-22,19.792781829833984,0.0
2013-02-25,19.316692352294922,0.0
2013-02-26,19.370187759399414,0.0
2013-02-27,19.82488250732422,0.0
2013-02-28,19.830232620239258,0.0
2013-03-01,19.931869506835938,0.0
2013-03-04,20.08165740966797,0.0
2013-03-05,20.038862228393555,0.0
2013-03-06,19.776742935180664,0.0
2013-03-07,19.931869506835938,0.0
2013-03-08,19.990713119506836,0.0
2013-03-11,19.963970184326172,0.0
2013-03-12,19.937223434448242,0.0
2013-03-13,19.75533676147461,0.0
2013-03-14,19.766042709350586,0.0
2013-03-15,19.47183609008789,0.0
2013-03-18,19.386228561401367,0.0
2013-03-19,19.55206871032715,0.0
2013-03-20,19.776742935180664,0.0
2013-03-21,19.899776458740234,0.0
2013-03-22,20.124448776245117,0.0
2013-03-25,20.11375617980957,0.0
2013-03-26,20.322370529174805,0.0
2013-03-27,20.52565574645996,0.0
2013-03-28,20.691482543945312,0.0
2013-04-01,20.9215087890625,0.0
2013-04-02,20.77707862854004,0.0
2013-04-03,20.24213981628418,0.0
2013-04-04,20.252832412719727,0.0
2013-04-05,20.070953369140625,0.0
2013-04-08,20.39192771911621,0.0
2013-04-09,20.670089721679688,0.0
2013-04-10,20.83057403564453,0.0
2013-04-11,20.73963165283203,0.0
2013-04-12,20.744976043701172,0.0
2013-04-15,20.30098533630371,0.0
2013-04-16,20.52565574645996,0.0
2013-04-17,20.220741271972656,0.0
2013-04-18,20.284934997558594,0.0
2013-04-19,20.793128967285156,0.0
2013-04-22,20.862668991088867,0.0
2013-04-23,21.14618682861328,0.0
2013-04-24,21.386911392211914,0.0
2013-04-25,21.122272491455078,0.0
2013-04-26,20.94404411315918,0.0
2013-04-29,21.00885581970215,0.0
2013-04-30,21.116870880126953,0.0
2013-05-01,20.80902671813965,0.0
2013-05-02,20.911643981933594,0.0
2013-05-03,20.981849670410156,0.0
2013-05-06,21.10067367553711,0.0
2013-05-07,21.203285217285156,0.0
2013-05-08,21.28969955444336,0.0
2013-05-09,21.31130027770996,0.0
2013-05-10,21.30590057373047,0.0
2013-05-13,21.327505111694336,0.0
2013-05-14,21.59213638305664,0.0
2013-05-15,21.710956573486328,0.0
2013-05-16,21.559736251831055,0.0
2013-05-17,21.862167358398438,0.0
2013-05-20,22.170015335083008,0.0
2013-05-21,22.191614151000977,0.0
2013-05-22,22.137615203857422,0.0
2013-05-23,21.84597396850586,0.0
2013-05-24,21.916181564331055,0.0
2013-05-28,21.829769134521484,0.0
2013-05-29,21.376113891601562,0.0
2013-05-30,21.062868118286133,0.0
2013-05-31,20.51198387145996,0.0
2013-06-03,20.717212677001953,0.0
2013-06-04,20.484983444213867,0.0
2013-06-05,20.420175552368164,0.0
2013-06-06,21.03046417236328,0.0
2013-06-07,21.354503631591797,0.0
2013-06-10,20.99806022644043,0.0
2013-06-11,20.625408172607422,0.0
2013-06-12,20.322965621948242,0.0
2013-06-13,20.501188278198242,0.0
2013-06-14,20.749624252319336,0.0
2013-06-17,20.841445922851562,0.0
2013-06-18,20.830636978149414,0.0
2013-06-19,20.555194854736328,0.0
2013-06-20,19.604671478271484,0.0
2013-06-21,19.593868255615234,0.0
2013-06-24,19.745088577270508,0.0
2013-06-25,20.069133758544922,0.0
2013-06-26,20.29055404663086,0.0
2013-06-27,20.66861915588379,0.0
2013-06-28,20.60379981994629,0.0
2013-07-01,20.863040924072266,0.0
2013-07-02,20.674007415771484,0.0
2013-07-03,20.749624252319336,0.0
2013-07-05,20.760425567626953,0.0
2013-07-08,21.046667098999023,0.0
2013-07-09,21.343706130981445,0.0
2013-07-10,21.235689163208008,0.0
2013-07-11,21.57593536376953,0.0
2013-07-12,21.640745162963867,0.0
2013-07-15,21.770368576049805,0.0
2013-07-16,21.467918395996094,0.0
2013-07-17,21.376113891601562,0.0
2013-07-18,21.343706130981445,0.0
2013-07-19,21.35991096496582,0.0
2013-07-22,21.338300704956055,0.0
2013-07-23,21.224885940551758,0.0
2013-07-24,20.93324851989746,0.0
2013-07-25,20.992652893066406,0.0
2013-07-26,20.906248092651367,0.0
2013-07-29,20.846210479736328,0.0
2013-07-30,20.693416595458984,0.0
2013-07-31,20.606101989746094,0.0
2013-08-01,20.687969207763672,0.0
2013-08-02,20.54607582092285,0.0
2013-08-05,20.54607582092285,0.0
2013-08-06,20.829843521118164,0.0
2013-08-07,20.67704963684082,0.0
2013-08-08,20.600648880004883,0.0
2013-08-09,20.518787384033203,0.0
2013-08-12,20.409645080566406,0.0
2013-08-13,20.26776885986328,0.0
2013-08-14,20.365985870361328,0.0
2013-08-15,20.524248123168945,0.0
2013-08-16,20.43147850036621,0.0
2013-08-19,19.989450454711914,0.0
2013-08-20,20.158613204956055,0.0
2013-08-21,20.153160095214844,0.0
2013-08-22,20.256845474243164,0.0
2013-08-23,20.316875457763672,0.0
2013-08-26,20.191364288330078,0.0
2013-08-27,20.256845474243164,0.0
2013-08-28,20.25139617919922,0.0
2013-08-29,20.64975929260254,0.0
2013-08-30,20.69887351989746,0.0
2013-09-03,20.502412796020508,0.0
2013-09-04,19.263654708862305,0.0
2013-09-05,19.3727970123291,1.0
2013-09-06,19.21999740600586,0.0
2013-09-09,19.825740814208984,0.0
2013-09-10,20.218647003173828,0.0
2013-09-11,19.651100158691406,0.0
2013-09-12,19.43282127380371,0.0
2013-09-13,19.143596649169922,0.0
2013-09-16,18.9471378326416,0.0
2013-09-17,18.9471378326416,0.0
2013-09-18,19.78753662109375,0.0
2013-09-19,20.071304321289062,0.0
2013-09-20,19.760251998901367,0.0
2013-09-23,19.667478561401367,0.0
2013-09-24,19.74933624267578,0.0
2013-09-25,19.629274368286133,0.0
2013-09-26,19.634733200073242,0.0
2013-09-27,19.55833625793457,0.0
2013-09-30,19.410995483398438,0.0
2013-10-01,19.700220108032227,0.0
2013-10-02,19.56378936767578,0.0
2013-10-03,19.301855087280273,0.0
2013-10-04,19.318220138549805,0.0
2013-10-07,19.110858917236328,0.0
2013-10-08,18.876195907592773,0.0
2013-10-09,18.98534393310547,0.0
2013-10-10,19.252731323242188,0.0
2013-10-11,19.367332458496094,0.0
2013-10-14,19.241823196411133,0.0
2013-10-15,19.127222061157227,0.0
2013-10-16,19.438276290893555,0.0
2013-10-17,19.21999740600586,0.0
2013-10-18,19.28002166748047,0.0
2013-10-21,19.329133987426758,0.0
2013-10-22,19.760251998901367,0.0
2013-10-23,19.618366241455078,0.0
2013-10-24,19.863937377929688,0.0
2013-10-25,19.913053512573242,0.0
2013-10-28,19.700220108032227,0.0
2013-10-29,19.749897003173828,0.0
2013-10-30,19.628461837768555,0.0
2013-10-31,19.49047088623047,0.0
2013-11-01,19.49047088623047,0.0
2013-11-04,19.446311950683594,0.0
2013-11-05,19.380069732666016,0.0
2013-11-06,19.407670974731445,0.0
2013-11-07,19.197917938232422,0.0
2013-11-08,19.319358825683594,0.0
2013-11-11,19.153757095336914,0.0
2013-11-12,19.09855842590332,0.0
2013-11-13,19.059913635253906,0.0
2013-11-14,19.330394744873047,0.0
2013-11-15,19.512544631958008,0.0
2013-11-18,19.661582946777344,0.0
2013-11-19,19.468387603759766,0.0
2013-11-20,19.47390365600586,0.0
2013-11-21,19.47390365600586,0.0
2013-11-22,19.606382369995117,0.0
2013-11-25,19.827180862426758,0.0
2013-11-26,19.794055938720703,0.0
2013-11-27,19.783018112182617,0.0
2013-11-29,19.617427825927734,0.0
2013-12-02,19.42974853515625,0.0
2013-12-03,19.3414363861084,0.0
2013-12-04,18.45273780822754,0.0
2013-12-05,18.204349517822266,1.0
2013-12-06,18.49690055847168,1.0
2013-12-09,18.408586502075195,0.0
2013-12-10,18.15467071533203,0.0
2013-12-11,17.983558654785156,1.0
2013-12-12,18.149154663085938,1.0
2013-12-13,18.12155532836914,0.0
2013-12-16,18.049795150756836,0.0
2013-12-17,18.45273780822754,0.0
2013-12-18,18.94952964782715,0.0
2013-12-19,19.186870574951172,0.0
2013-12-20,19.440793991088867,0.0
2013-12-23,19.58982276916504,0.0
2013-12-24,19.60086441040039,0.0
2013-12-26,19.711259841918945,0.0
2013-12-27,19.8216552734375,0.0
2013-12-30,19.987255096435547,0.0
2013-12-31,19.871337890625,0.0
2014-01-02,19.8216552734375,0.0
2014-01-03,19.854778289794922,0.0
2014-01-06,19.84373664855957,0.0
2014-01-07,19.976215362548828,0.0
2014-01-08,19.871337890625,0.0
2014-01-09,19.8216552734375,0.0
2014-01-10,19.81613540649414,0.0
2014-01-13,19.57326889038086,0.0
2014-01-14,19.595348358154297,0.0
2014-01-15,19.58982276916504,0.0
2014-01-16,19.622940063476562,0.0
2014-01-17,19.633987426757812,0.0
2014-01-21,19.727819442749023,0.0
2014-01-22,20.086605072021484,0.0
2014-01-23,19.893407821655273,0.0
2014-01-24,19.578784942626953,0.0
2014-01-27,19.68366241455078,0.0
2014-01-28,19.810617446899414,0.0
2014-01-29,19.040077209472656,0.0
2014-01-30,19.162912368774414,0.0
2014-01-31,18.989826202392578,0.0
2014-02-03,18.604557037353516,0.0
2014-02-04,18.794404983520508,0.0
2014-02-05,18.559894561767578,0.0
2014-02-06,18.777652740478516,0.0
2014-02-07,18.978652954101562,0.0
2014-02-10,18.866987228393555,0.0
2014-02-11,18.950742721557617,0.0
2014-02-12,18.889324188232422,0.0
2014-02-13,18.794404983520508,0.0
2014-02-14,18.86140251159668,0.0
2014-02-18,18.82231903076172,0.0
2014-02-19,18.5096378326416,0.0
2014-02-20,18.554304122924805,0.0
2014-02-21,18.442636489868164,0.0
2014-02-24,17.92335319519043,0.0
2014-02-25,18.364465713500977,1.0
2014-02-26,17.96244239807129,0.0
2014-02-27,17.794940948486328,0.0
2014-02-28,17.783769607543945,0.0
2014-03-03,17.66651153564453,0.0
2014-03-04,17.895435333251953,0.0
2014-03-05,17.979196548461914,0.0
2014-03-06,18.02944564819336,0.0
2014-03-07,17.867521286010742,0.0
2014-03-10,17.7558536529541,0.0
2014-03-11,17.638591766357422,0.0
2014-03-12,17.471086502075195,0.0
2014-03-13,17.286832809448242,0.0
2014-03-14,17.700014114379883,1.0
2014-03-17,17.688846588134766,0.0
2014-03-18,17.621843338012695,0.0
2014-03-19,17.342668533325195,0.0
2014-03-20,17.577173233032227,0.0
2014-03-21,17.392919540405273,0.0
2014-03-24,17.52692413330078,0.0
2014-03-25,17.649770736694336,0.0
2014-03-26,17.77819061279297,0.0
2014-03-27,18.035030364990234,0.0
2014-03-28,17.945690155029297,0.0
2014-03-31,18.1411190032959,0.0
2014-04-01,18.358882904052734,0.0
2014-04-02,18.319791793823242,0.0
2014-04-03,18.403554916381836,0.0
2014-04-04,18.437055587768555,0.0
2014-04-07,18.001529693603516,0.0
2014-04-08,18.453798294067383,0.0
2014-04-09,18.381206512451172,0.0
2014-04-10,18.247211456298828,0.0
2014-04-11,18.02944564819336,0.0
2014-04-14,18.113201141357422,0.0
2014-04-15,18.370044708251953,0.0
2014-04-16,18.598974227905273,0.0
2014-04-17,18.855823516845703,0.0
2014-04-21,18.649229049682617,0.0
2014-04-22,18.677148818969727,0.0
2014-04-23,18.7664794921875,0.0
2014-04-24,18.80556869506836,0.0
2014-04-25,18.425888061523438,0.0
2014-04-28,18.31277084350586,0.0
2014-04-29,18.674732208251953,0.0
2014-04-30,18.471128463745117,0.0
2014-05-01,18.437196731567383,0.0
2014-05-02,18.50506019592285,0.0
2014-05-05,18.516376495361328,0.0
2014-05-06,18.408910751342773,0.0
2014-05-07,18.538991928100586,0.0
2014-05-08,18.39194679260254,0.0
2014-05-09,18.182693481445312,0.0
2014-05-12,18.31277084350586,0.0
2014-05-13,18.346704483032227,0.0
2014-05-14,18.759563446044922,0.0
2014-05-15,18.917919158935547,0.0
2014-05-16,18.917919158935547,0.0
2014-05-19,18.84440040588379,0.0
2014-05-20,18.8048095703125,0.0
2014-05-21,18.91226577758789,0.0
2014-05-22,19.098899841308594,0.0
2014-05-23,19.047996520996094,0.0
2014-05-27,19.00275421142578,0.0
2014-05-28,18.997093200683594,0.0
2014-05-29,19.00275421142578,0.0
2014-05-30,18.883989334106445,0.0
2014-06-02,19.07062339782715,0.0
2014-06-03,19.127174377441406,0.0
2014-06-04,19.257253646850586,0.0
2014-06-05,19.57962417602539,0.0
2014-06-06,19.839780807495117,0.0
2014-06-09,19.82847023010254,0.0
2014-06-10,19.83412742614746,0.0
2014-06-11,19.737977981567383,0.0
2014-06-12,19.743633270263672,0.0
2014-06-13,19.90199089050293,0.0
2014-06-16,20.00945281982422,0.0
2014-06-17,19.777568817138672,0.0
2014-06-18,19.83412742614746,0.0
2014-06-19,20.02075958251953,0.0
2014-06-20,20.377058029174805,0.0
2014-06-23,20.36574935913086,0.0
2014-06-24,20.42230224609375,0.0
2014-06-25,20.34313201904297,0.0
2014-06-26,20.360095977783203,0.0
2014-06-27,20.382715225219727,0.0
2014-06-30,20.507139205932617,0.0
2014-07-01,20.388376235961914,0.0
2014-07-02,20.21870231628418,0.0
2014-07-03,20.162141799926758,0.0
2014-07-07,20.1395206451416,0.0
2014-07-08,20.094284057617188,0.0
2014-07-09,20.241321563720703,0.0
2014-07-10,20.17911148071289,0.0
2014-07-11,20.150829315185547,0.0
2014-07-14,20.34313201904297,0.0
2014-07-15,20.456241607666016,0.0
2014-07-16,20.874752044677734,0.0
2014-07-17,20.818199157714844,0.0
2014-07-18,21.236709594726562,0.0
2014-07-21,21.27064323425293,0.0
2014-07-22,21.29326057434082,0.0
2014-07-23,21.3215389251709,0.0
2014-07-24,21.4233455657959,0.0
2014-07-25,21.434661865234375,0.0
2014-07-28,21.372438430786133,0.0
2014-07-29,21.26374626159668,0.0
2014-07-30,21.338117599487305,0.0
2014-07-31,20.582984924316406,0.0
2014-08-01,20.302677154541016,0.0
2014-08-04,20.737443923950195,0.0
2014-08-05,20.331275939941406,0.0
2014-08-06,20.342716217041016,0.0
2014-08-07,20.234027862548828,0.0
2014-08-08,20.663082122802734,0.0
2014-08-11,22.52229881286621,0.0
2014-08-12,22.156177520751953,0.0
2014-08-13,22.17905616760254,0.0
2014-08-14,22.814050674438477,0.0
2014-08-15,23.700756072998047,0.0
2014-08-18,23.53485679626465,0.0
2014-08-19,23.69503402709961,0.0
2014-08-20,23.79801368713379,0.0
2014-08-21,23.597776412963867,0.0
2014-08-22,23.3460750579834,0.0
2014-08-25,23.185897827148438,0.0
2014-08-26,22.91701889038086,0.0
2014-08-27,22.842653274536133,0.0
2014-08-28,22.751115798950195,0.0
2014-08-29,23.031435012817383,0.0
2014-09-02,22.802602767944336,0.0
2014-09-03,22.636703491210938,0.0
2014-09-04,22.339235305786133,0.0
2014-09-05,22.48797035217285,0.0
2014-09-08,22.116127014160156,0.0
2014-09-09,21.910181045532227,0.0
2014-09-10,21.961669921875,0.0
2014-09-11,21.938783645629883,0.0
2014-09-12,21.60126495361328,0.0
2014-09-15,21.572662353515625,0.0
2014-09-16,21.88158416748047,0.0
2014-09-17,21.81293487548828,0.0
2014-09-18,21.738569259643555,0.0
2014-09-19,21.72140121459961,0.0
2014-09-22,21.452524185180664,0.0
2014-09-23,21.85869598388672,0.0
2014-09-24,22.013153076171875,0.0
2014-09-25,21.578380584716797,0.0
2014-09-26,21.961669921875,0.0
2014-09-29,22.04175567626953,0.0
2014-09-30,21.933069229125977,0.0
2014-10-01,21.852975845336914,0.0
2014-10-02,22.533735275268555,0.0
2014-10-03,22.230545043945312,0.0
2014-10-06,22.150447845458984,0.0
2014-10-07,21.88158416748047,0.0
2014-10-08,21.887296676635742,0.0
2014-10-09,20.994874954223633,0.0
2014-10-10,20.863298416137695,0.0
2014-10-13,20.30839729309082,0.0
2014-10-14,19.7363338470459,0.0
2014-10-15,20.18825912475586,1.0
2014-10-16,21.063526153564453,0.0
2014-10-17,21.057804107666016,0.0
2014-10-20,21.492572784423828,0.0
2014-10-21,21.91590118408203,0.0
2014-10-22,21.692798614501953,0.0
2014-10-23,22.127565383911133,0.0
2014-10-24,22.327791213989258,0.0
2014-10-27,22.27058982849121,0.0
2014-10-28,22.40788459777832,0.0
2014-10-29,22.17645835876465,0.0
2014-10-30,22.297954559326172,0.0
2014-10-31,22.390525817871094,0.0
2014-11-03,22.274812698364258,0.0
2014-11-04,21.67310905456543,0.0
2014-11-05,22.043384552001953,0.0
2014-11-06,22.292165756225586,0.0
2014-11-07,22.419450759887695,0.0
2014-11-10,22.274812698364258,0.0
2014-11-11,22.297954559326172,0.0
2014-11-12,22.292165756225586,0.0
2014-11-13,22.20538330078125,0.0
2014-11-14,22.778167724609375,0.0
2014-11-17,23.287303924560547,0.0
2014-11-18,23.379878997802734,0.0
2014-11-19,23.68651008605957,0.0
2014-11-20,23.09636878967285,0.0
2014-11-21,22.998016357421875,0.0
2014-11-24,23.599733352661133,0.0
2014-11-25,23.576587677001953,0.0
2014-11-26,24.484939575195312,0.0
2014-11-28,23.92372703552246,0.0
2014-12-01,23.68651008605957,0.0
2014-12-02,24.079938888549805,0.0
2014-12-03,24.201444625854492,0.0
2014-12-04,23.98737144470215,0.0
2014-12-05,23.790653228759766,0.0
2014-12-08,23.05009651184082,0.0
2014-12-09,23.51873207092285,0.0
2014-12-10,22.81866455078125,0.0
2014-12-11,23.073232650756836,0.0
2014-12-12,22.662456512451172,0.0
2014-12-15,22.147525787353516,0.0
2014-12-16,22.026029586791992,0.0
2014-12-17,23.07901954650879,0.0
2014-12-18,23.466659545898438,0.0
2014-12-19,24.08572769165039,0.0
2014-12-22,24.039440155029297,0.0
2014-12-23,24.247724533081055,0.0
2014-12-24,24.30558204650879,0.0
2014-12-26,24.70479393005371,0.0
2014-12-29,24.8841495513916,0.0
2014-12-30,24.589075088500977,0.0
2014-12-31,24.47915267944336,0.0
2015-01-02,24.76844024658203,0.0
2015-01-05,24.09729766845703,0.0
2015-01-06,23.622873306274414,0.0
2015-01-07,23.935300827026367,0.0
2015-01-08,24.49650764465332,0.0
2015-01-09,24.18986701965332,0.0
2015-01-12,24.074153900146484,0.0
2015-01-13,23.657581329345703,0.0
2015-01-14,23.848522186279297,0.0
2015-01-15,23.588159561157227,0.0
2015-01-16,24.027868270874023,0.0
2015-01-20,24.195655822753906,0.0
2015-01-21,24.299793243408203,0.0
2015-01-22,24.34607696533203,0.0
2015-01-23,24.456012725830078,0.0
2015-01-26,24.456012725830078,0.0
2015-01-27,24.5485782623291,0.0
2015-01-28,23.929515838623047,0.0
2015-01-29,23.81252670288086,0.0
2015-01-30,24.011398315429688,0.0
2015-02-02,24.34481430053711,0.0
2015-02-03,24.26292610168457,0.0
2015-02-04,23.865169525146484,0.0
2015-02-05,24.26876449584961,0.0
2015-02-06,24.221973419189453,0.0
2015-02-09,24.099138259887695,0.0
2015-02-10,24.303869247436523,0.0
2015-02-11,24.10499382019043,0.0
2015-02-12,24.426700592041016,0.0
2015-02-13,24.549531936645508,0.0
2015-02-17,24.625577926635742,0.0
2015-02-18,24.672374725341797,0.0
2015-02-19,24.572938919067383,0.0
2015-02-20,24.491043090820312,0.0
2015-02-23,24.584632873535156,0.0
2015-02-24,24.666521072387695,0.0
2015-02-25,24.631431579589844,0.0
2015-02-26,24.110843658447266,0.0
2015-02-27,23.98801040649414,0.0
2015-03-02,23.88271713256836,0.0
2015-03-03,24.034791946411133,0.0
2015-03-04,24.00556182861328,0.0
2015-03-05,23.888565063476562,0.0
2015-03-06,23.637052536010742,0.0
2015-03-09,23.44987678527832,0.0
2015-03-10,23.44987678527832,0.0
2015-03-11,23.286088943481445,0.0
2015-03-12,23.26268768310547,0.0
2015-03-13,23.350425720214844,0.0
2015-03-16,23.7598819732666,0.0
2015-03-17,23.88271713256836,0.0
2015-03-18,24.309717178344727,0.0
2015-03-19,24.29216957092285,0.0
2015-03-20,24.637279510498047,0.0
2015-03-23,24.65482521057129,0.0
2015-03-24,24.110843658447266,0.0
2015-03-25,24.058195114135742,0.0
2015-03-26,24.145933151245117,0.0
2015-03-27,24.140085220336914,0.0
2015-03-30,24.608036041259766,0.0
2015-03-31,24.602182388305664,0.0
2015-04-01,24.520296096801758,0.0
2015-04-02,24.403303146362305,0.0
2015-04-06,24.549531936645508,0.0
2015-04-07,24.561237335205078,0.0
2015-04-08,24.596332550048828,0.0
2015-04-09,24.765966415405273,0.0
2015-04-10,25.1110782623291,0.0
2015-04-13,25.14032745361328,0.0
2015-04-14,25.157867431640625,0.0
2015-04-15,25.403535842895508,0.0
2015-04-16,25.549774169921875,0.0
2015-04-17,25.67845344543457,0.0
2015-04-20,25.567319869995117,0.0
2015-04-21,25.50881576538086,0.0
2015-04-22,25.777894973754883,0.0
2015-04-23,26.070356369018555,0.0
2015-04-24,25.935823440551758,0.0
2015-04-27,25.801284790039062,0.0
2015-04-28,25.546998977661133,0.0
2015-04-29,25.47013282775879,0.0
2015-04-30,25.399166107177734,0.0
2015-05-01,25.505611419677734,0.0
2015-05-04,25.328208923339844,0.0
2015-05-05,25.22174835205078,0.0
2015-05-06,25.23357391357422,0.0
2015-05-07,25.2276668548584,0.0
2015-05-08,25.446470260620117,0.0
2015-05-11,25.215837478637695,0.0
2015-05-12,25.251327514648438,0.0
2015-05-13,24.93198585510254,0.0
2015-05-14,24.920156478881836,0.0
2015-05-15,25.204017639160156,0.0
2015-05-18,25.328208923339844,0.0
2015-05-19,25.3459415435791,0.0
2015-05-20,25.186269760131836,0.0
2015-05-21,25.2276668548584,0.0
2015-05-22,25.245403289794922,0.0
2015-05-26,24.890586853027344,0.0
2015-05-27,24.831453323364258,0.0
2015-05-28,24.61264991760254,0.0
2015-05-29,24.535762786865234,0.0
2015-06-01,24.417497634887695,0.0
2015-06-02,24.417497634887695,0.0
2015-06-03,24.169116973876953,0.0
2015-06-04,23.713769912719727,1.0
2015-06-05,23.891172409057617,1.0
2015-06-08,23.772911071777344,1.0
2015-06-09,23.796566009521484,1.0
2015-06-10,23.790647506713867,1.0
2015-06-11,23.5245304107666,1.0
2015-06-12,23.015954971313477,1.0
2015-06-15,23.276153564453125,1.0
2015-06-16,23.353044509887695,1.0
2015-06-17,23.370779037475586,1.0
2015-06-18,23.701940536499023,0.0
2015-06-19,23.38260841369629,0.0
2015-06-22,23.447664260864258,0.0
2015-06-23,23.317562103271484,0.0
2015-06-24,23.32938003540039,0.0
2015-06-25,23.051441192626953,0.0
2015-06-26,23.039609909057617,0.0
2015-06-29,22.684791564941406,0.0
2015-06-30,22.702533721923828,1.0
2015-07-01,22.460063934326172,1.0
2015-07-02,22.489643096923828,1.0
2015-07-06,22.176212310791016,1.0
2015-07-07,22.318145751953125,1.0
2015-07-08,22.057945251464844,1.0
2015-07-09,22.176212310791016,1.0
2015-07-10,22.525121688842773,1.0
2015-07-13,22.58426284790039,0.0
2015-07-14,22.48373031616211,0.0
2015-07-15,22.223529815673828,0.0
2015-07-16,22.11707878112793,0.0
2015-07-17,21.81548309326172,0.0
2015-07-20,21.466575622558594,1.0
2015-07-21,21.194549560546875,1.0
2015-07-22,20.91069221496582,1.0
2015-07-23,20.668241500854492,1.0
2015-07-24,20.609102249145508,1.0
2015-07-27,20.82790184020996,1.0
2015-07-28,21.034883499145508,1.0
2015-07-29,21.130828857421875,1.0
2015-07-30,21.00490379333496,0.0
2015-07-31,20.771047592163086,0.0
2015-08-03,20.23737907409668,1.0
2015-08-04,20.18341827392578,1.0
2015-08-05,19.331939697265625,1.0
2015-08-06,19.60177230834961,1.0
2015-08-07,19.271984100341797,1.0
2015-08-10,19.48784828186035,1.0
2015-08-11,19.721696853637695,1.0
2015-08-12,20.297346115112305,0.0
2015-08-13,19.871604919433594,0.0
2015-08-14,20.363306045532227,0.0
2015-08-17,20.603151321411133,0.0
2015-08-18,20.351308822631836,0.0
2015-08-19,20.135438919067383,0.0
2015-08-20,19.60177230834961,0.0
2015-08-21,19.06211280822754,0.0
2015-08-24,18.15667724609375,0.0
2015-08-25,17.946807861328125,1.0
2015-08-26,18.46248435974121,1.0
2015-08-27,19.188032150268555,0.0
2015-08-28,19.565805435180664,0.0
2015-08-31,19.433881759643555,0.0
2015-09-01,18.82225799560547,0.0
2015-09-02,18.7742919921875,0.0
2015-09-03,18.63637351989746,0.0
2015-09-04,18.450490951538086,0.0
2015-09-08,18.642377853393555,0.0
2015-09-09,18.372541427612305,0.0
2015-09-10,18.288599014282227,0.0
2015-09-11,18.048742294311523,0.0
2015-09-14,17.90483283996582,0.0
2015-09-15,18.102712631225586,0.0
2015-09-16,18.402523040771484,0.0
2015-09-17,18.486467361450195,0.0
2015-09-18,18.216642379760742,0.0
2015-09-21,18.390531539916992,0.0
2015-09-22,18.054746627807617,0.0
2015-09-23,17.425134658813477,0.0
2015-09-24,17.59302520751953,0.0
2015-09-25,17.641000747680664,0.0
2015-09-28,16.519697189331055,0.0
2015-09-29,15.68621826171875,1.0
2015-09-30,16.5976505279541,1.0
2015-10-01,16.86747932434082,0.0
2015-10-02,17.766921997070312,0.0
2015-10-05,18.558429718017578,0.0
2015-10-06,19.056116104125977,0.0
2015-10-07,19.271984100341797,0.0
2015-10-08,19.595781326293945,0.0
2015-10-09,19.397903442382812,0.0
2015-10-12,19.36192512512207,0.0
2015-10-13,18.8762264251709,0.0
2015-10-14,19.026126861572266,0.0
2015-10-15,19.32594108581543,0.0
2015-10-16,19.313953399658203,0.0
2015-10-19,19.0201416015625,0.0
2015-10-20,19.14605712890625,0.0
2015-10-21,18.840253829956055,0.0
2015-10-22,17.83887481689453,0.0
2015-10-23,17.527067184448242,0.0
2015-10-26,16.525699615478516,0.0
2015-10-27,16.35780143737793,0.0
2015-10-28,16.633628845214844,0.0
2015-10-29,16.615299224853516,0.0
2015-10-30,16.70693016052246,0.0
2015-11-02,16.261001586914062,0.0
2015-11-03,16.804664611816406,0.0
2015-11-04,16.377065658569336,0.0
2015-11-05,15.827299118041992,0.0
2015-11-06,15.918920516967773,0.0
2015-11-09,15.613499641418457,0.0
2015-11-10,15.546299934387207,0.0
2015-11-11,14.904906272888184,0.0
2015-11-12,14.330698013305664,1.0
2015-11-13,14.263500213623047,1.0
2015-11-16,14.678884506225586,1.0
2015-11-17,14.269617080688477,0.0
2015-11-18,14.843814849853516,1.0
2015-11-19,14.452866554260254,0.0
2015-11-20,14.28793716430664,0.0
2015-11-23,14.458977699279785,0.0
2015-11-24,14.911009788513184,0.0
2015-11-25,14.721644401550293,0.0
2015-11-27,14.581151962280273,0.0
2015-11-30,14.397889137268066,0.0
2015-12-01,13.69540786743164,0.0
2015-12-02,12.620294570922852,0.0
2015-12-03,11.765097618103027,1.0
2015-12-04,10.274608612060547,1.0
2015-12-07,10.030265808105469,1.0
2015-12-08,9.602666854858398,1.0
2015-12-09,10.268500328063965,1.0
2015-12-10,10.39067268371582,1.0
2015-12-11,10.176871299743652,1.0
2015-12-14,9.77370548248291,1.0
2015-12-15,9.675968170166016,1.0
2015-12-16,9.737053871154785,1.0
2015-12-17,9.38886547088623,1.0
2015-12-18,9.248370170593262,1.0
2015-12-21,9.248370170593262,1.0
2015-12-22,9.358323097229004,1.0
2015-12-23,10.024158477783203,1.0
2015-12-24,9.8225736618042,0.0
2015-12-28,9.321673393249512,0.0
2015-12-29,9.223937034606934,1.0
2015-12-30,8.881855964660645,1.0
2015-12-31,9.113984107971191,1.0
2016-01-04,9.32778263092041,1.0
2016-01-05,9.517147064208984,0.0
2016-01-06,9.022356033325195,0.0
2016-01-07,8.70470905303955,0.0
2016-01-08,9.022356033325195,1.0
2016-01-11,8.649731636047363,0.0
2016-01-12,8.307649612426758,0.0
2016-01-13,7.910594463348389,1.0
2016-01-14,8.539774894714355,1.0
2016-01-15,7.941133975982666,0.0
2016-01-19,7.666247844696045,0.0
2016-01-20,7.336389064788818,0.0
2016-01-21,8.47868824005127,1.0
2016-01-22,9.370539665222168,0.0
2016-01-25,8.668054580688477,0.0
2016-01-26,9.144523620605469,0.0
2016-01-27,8.686381340026855,0.0
2016-01-28,9.422830581665039,0.0
2016-01-29,10.137706756591797,0.0
2016-02-01,9.36120319366455,0.0
2016-02-02,9.028414726257324,0.0
2016-02-03,9.620035171508789,0.0
2016-02-04,9.65085220336914,0.0
2016-02-05,9.65085220336914,0.0
2016-02-08,9.194808006286621,0.0
2016-02-09,9.003763198852539,0.0
2016-02-10,8.997602462768555,0.0
2016-02-11,8.60318374633789,0.0
2016-02-12,9.21945858001709,0.0
2016-02-16,9.626200675964355,0.0
2016-02-17,10.587589263916016,0.0
2016-02-18,11.025140762329102,0.0
2016-02-19,10.70467758178711,0.0
2016-02-22,11.031305313110352,0.0
2016-02-23,10.735492706298828,0.0
2016-02-24,10.914210319519043,0.0
2016-02-25,10.938862800598145,0.0
2016-02-26,10.945025444030762,0.0
2016-02-29,11.148395538330078,0.0
2016-03-01,11.160721778869629,0.0
2016-03-02,11.47502326965332,0.0
2016-03-03,11.647579193115234,0.0
2016-03-04,11.4133939743042,0.0
2016-03-07,11.579788208007812,0.0
2016-03-08,10.969677925109863,0.0
2016-03-09,11.086767196655273,0.0
2016-03-10,10.914210319519043,0.0
2016-03-11,11.47502326965332,0.0
2016-03-14,11.548974990844727,0.0
2016-03-15,11.136069297790527,0.0
2016-03-16,11.6414155960083,0.0
2016-03-17,11.610603332519531,0.0
2016-03-18,11.542811393737793,0.0
2016-03-21,11.314789772033691,0.0
2016-03-22,11.401065826416016,0.0
2016-03-23,10.938862800598145,0.0
2016-03-24,11.148395538330078,0.0
2016-03-28,10.975837707519531,0.0
2016-03-29,10.877233505249023,0.0
2016-03-30,11.006656646728516,0.0
2016-03-31,11.006656646728516,0.0
2016-04-01,10.667704582214355,0.0
2016-04-04,10.593748092651367,0.0
2016-04-05,10.482819557189941,0.0
2016-04-06,10.846419334411621,0.0
2016-04-07,10.803285598754883,0.0
2016-04-08,11.055954933166504,0.0
2016-04-11,10.963517189025879,0.0
2016-04-12,11.561297416687012,0.0
2016-04-13,11.438043594360352,0.0
2016-04-14,11.401065826416016,0.0
2016-04-15,11.191534042358398,0.0
2016-04-18,11.401065826416016,0.0
2016-04-19,11.807806015014648,0.0
2016-04-20,11.709203720092773,0.0
2016-04-21,11.191534042358398,0.0
2016-04-22,11.16688346862793,0.0
2016-04-25,10.7786283493042,0.0
2016-04-26,11.031305313110352,0.0
2016-04-27,11.271650314331055,0.0
2016-04-28,10.95828914642334,0.0
2016-04-29,11.020340919494629,0.0
2016-05-02,10.914854049682617,0.0
2016-05-03,10.710084915161133,0.0
2016-05-04,10.641828536987305,0.0
2016-05-05,10.635624885559082,0.0
2016-05-06,10.455670356750488,0.0
2016-05-09,10.55495548248291,0.0
2016-05-10,10.660445213317871,0.0
2016-05-11,10.585979461669922,0.0
2016-05-12,10.567366600036621,0.0
2016-05-13,10.629417419433594,0.0
2016-05-16,10.685261726379395,0.0
2016-05-17,10.964493751525879,0.0
2016-05-18,10.573570251464844,0.0
2016-05-19,10.710084915161133,0.0
2016-05-20,11.014137268066406,0.0
2016-05-23,10.815574645996094,0.0
2016-05-24,10.747316360473633,0.0
2016-05-25,11.069982528686523,0.0
2016-05-26,11.119623184204102,0.0
2016-05-27,11.076186180114746,0.0
2016-05-31,11.218908309936523,0.0
2016-06-01,11.144441604614258,0.0
2016-06-02,11.144441604614258,0.0
2016-06-03,11.16305923461914,0.0
2016-06-06,11.522961616516113,0.0
2016-06-07,11.454706192016602,0.0
2016-06-08,11.24372673034668,0.0
2016-06-09,11.218908309936523,0.0
2016-06-10,10.865213394165039,0.0
2016-06-13,10.784543991088867,0.0
2016-06-14,10.852801322937012,0.0
2016-06-15,10.9520845413208,0.0
2016-06-16,10.921058654785156,0.0
2016-06-17,11.194085121154785,0.0
2016-06-20,11.231316566467285,0.0
2016-06-21,11.659472465515137,0.0
2016-06-22,11.485725402832031,0.0
2016-06-23,11.727730751037598,0.0
2016-06-24,11.16305923461914,0.0
2016-06-27,10.796956062316895,0.0
2016-06-28,10.9893159866333,0.0
2016-06-29,11.49813461303711,0.0
2016-06-30,11.616037368774414,0.0
2016-07-01,11.603623390197754,0.0
2016-07-05,11.349213600158691,0.0
2016-07-06,11.349213600158691,0.0
2016-07-07,11.417470932006836,0.0
2016-07-08,11.504342079162598,0.0
2016-07-11,11.926289558410645,0.0
2016-07-12,12.292396545410156,0.0
2016-07-13,12.540602684020996,0.0
2016-07-14,12.968761444091797,0.0
2016-07-15,13.049422264099121,0.0
2016-07-18,13.502403259277344,0.0
2016-07-19,13.614096641540527,0.0
2016-07-20,13.707175254821777,0.0
2016-07-21,12.999784469604492,0.0
2016-07-22,13.167319297790527,0.0
2016-07-25,12.943938255310059,0.0
2016-07-26,12.863272666931152,0.0
2016-07-27,12.565423011779785,0.0
2016-07-28,12.624735832214355,0.0
2016-07-29,12.6934175491333,0.0
2016-08-01,12.212652206420898,0.0
2016-08-02,12.356261253356934,0.0
2016-08-03,12.56854248046875,0.0
2016-08-04,12.562300682067871,0.0
2016-08-05,12.712149620056152,0.0
2016-08-08,12.974384307861328,0.0
2016-08-09,12.768343925476074,0.0
2016-08-10,12.77458667755127,0.0
2016-08-11,13.036816596984863,0.0
2016-08-12,13.1554536819458,0.0
2016-08-15,13.299060821533203,0.0
2016-08-16,13.5987548828125,0.0
2016-08-17,13.580021858215332,0.0
2016-08-18,14.17941665649414,0.0
2016-08-19,13.910938262939453,0.0
2016-08-22,13.686165809631348,0.0
2016-08-23,13.79231071472168,0.0
2016-08-24,13.617484092712402,0.0
2016-08-25,13.43017578125,0.0
2016-08-26,13.405200958251953,0.0
2016-08-29,13.592507362365723,0.0
2016-08-30,13.679924011230469,0.0
2016-08-31,13.642461776733398,0.0
2016-09-01,13.492610931396484,0.0
2016-09-02,13.686165809631348,0.0
2016-09-06,13.985861778259277,0.0
2016-09-07,14.173173904418945,0.0
2016-09-08,14.166929244995117,0.0
2016-09-09,13.811039924621582,0.0
2016-09-12,13.985861778259277,0.0
2016-09-13,13.648703575134277,0.0
2016-09-14,13.45515251159668,0.0
2016-09-15,13.461397171020508,0.0
2016-09-16,13.405200958251953,0.0
2016-09-19,13.67368221282959,0.0
2016-09-20,13.661192893981934,0.0
2016-09-21,13.823529243469238,0.0
2016-09-22,13.804798126220703,0.0
2016-09-23,13.698657989501953,0.0
2016-09-26,13.5987548828125,0.0
2016-09-27,13.629973411560059,0.0
2016-09-28,14.198145866394043,0.0
2016-09-29,14.210636138916016,0.0
2016-09-30,14.441648483276367,0.0
2016-10-03,14.366726875305176,0.0
2016-10-04,13.898452758789062,0.0
2016-10-05,13.973379135131836,0.0
2016-10-06,13.79231071472168,0.0
2016-10-07,13.536316871643066,0.0
2016-10-10,13.373982429504395,0.0
2016-10-11,12.999361991882324,0.0
2016-10-12,12.955657005310059,0.0
2016-10-13,12.830780029296875,0.0
2016-10-14,12.712149620056152,0.0
2016-10-17,12.606005668640137,0.0
2016-10-18,12.599764823913574,0.0
2016-10-19,12.930676460266113,0.0
2016-10-20,13.230379104614258,0.0
2016-10-21,13.180426597595215,0.0
2016-10-24,13.498854637145996,0.0
2016-10-25,13.311543464660645,0.0
2016-10-26,13.417688369750977,0.0
2016-10-27,13.093017578125,0.0
2016-10-28,12.832351684570312,0.0
2016-10-31,12.832351684570312,0.0
2016-11-01,12.687880516052246,0.0
2016-11-02,12.380104064941406,0.0
2016-11-03,12.518290519714355,0.0
2016-11-04,12.480603218078613,0.0
2016-11-07,12.669038772583008,0.0
2016-11-08,12.819784164428711,0.0
2016-11-09,13.39136791229248,0.0
2016-11-10,13.523274421691895,0.0
2016-11-11,12.970529556274414,0.0
2016-11-14,13.171528816223145,0.0
2016-11-15,13.711709976196289,0.0
2016-11-16,13.372523307800293,0.0
2016-11-17,13.429057121276855,0.0
2016-11-18,13.611209869384766,0.0
2016-11-21,13.837329864501953,0.0
2016-11-22,13.749391555786133,0.0
2016-11-23,13.692859649658203,0.0
2016-11-25,13.699143409729004,0.0
2016-11-28,13.460463523864746,0.0
2016-11-29,13.44161605834961,0.0
2016-11-30,13.944108009338379,0.0
2016-12-01,13.498151779174805,0.0
2016-12-02,13.416499137878418,0.0
2016-12-05,13.479304313659668,0.0
2016-12-06,13.265751838684082,0.0
2016-12-07,13.372523307800293,0.0
2016-12-08,13.315997123718262,0.0
2016-12-09,13.246904373168945,0.0
2016-12-12,13.366249084472656,0.0
2016-12-13,13.403935432434082,0.0
2016-12-14,13.077313423156738,0.0
2016-12-15,13.202937126159668,0.0
2016-12-16,13.403935432434082,0.0
2016-12-19,13.196654319763184,0.0
2016-12-20,13.045907020568848,0.0
2016-12-21,13.297154426574707,0.0
2016-12-22,13.184091567993164,0.0
2016-12-23,13.272027015686035,0.0
2016-12-27,13.278308868408203,0.0
2016-12-28,13.020785331726074,0.0
2016-12-29,13.039627075195312,0.0
2016-12-30,13.008217811584473,0.0
2017-01-03,13.57352066040039,0.0
2017-01-04,13.642614364624023,0.0
2017-01-05,13.623771667480469,0.0
2017-01-06,13.699143409729004,0.0
2017-01-09,13.592365264892578,0.0
2017-01-10,13.548395156860352,0.0
2017-01-11,13.780802726745605,0.0
2017-01-12,13.937826156616211,0.0
2017-01-13,14.082294464111328,0.0
2017-01-17,14.163946151733398,0.0
2017-01-18,14.094855308532715,0.0
2017-01-19,14.11369800567627,0.0
2017-01-20,14.126259803771973,0.0
2017-01-23,13.906423568725586,0.0
2017-01-24,14.207916259765625,0.0
2017-01-25,14.195357322692871,0.0
2017-01-26,14.082294464111328,0.0
2017-01-27,14.057173728942871,0.0
2017-01-30,13.883467674255371,0.0
2017-01-31,14.110860824584961,0.0
2017-02-01,14.041377067565918,0.0
2017-02-02,14.306665420532227,0.0
2017-02-03,14.489843368530273,0.0
2017-02-06,14.211923599243164,0.0
2017-02-07,13.971899032592773,0.0
2017-02-08,14.15507698059082,0.0
2017-02-09,14.136129379272461,0.0
2017-02-10,14.199284553527832,0.0
2017-02-13,14.243501663208008,0.0
2017-02-14,14.237187385559082,0.0
2017-02-15,14.066646575927734,0.0
2017-02-16,13.763455390930176,0.0
2017-02-17,13.750822067260742,0.0
2017-02-21,13.889782905578613,0.0
2017-02-22,13.586597442626953,0.0
2017-02-23,13.605546951293945,0.0
2017-02-24,13.41605281829834,0.0
2017-02-27,13.517114639282227,0.0
2017-02-28,13.460267066955566,0.0
2017-03-01,13.750822067260742,0.0
2017-03-02,13.801355361938477,0.0
2017-03-03,13.738188743591309,0.0
2017-03-06,13.74450969696045,0.0
2017-03-07,13.662389755249023,0.0
2017-03-08,13.447633743286133,0.0
2017-03-09,13.435003280639648,0.0
2017-03-10,13.580281257629395,0.0
2017-03-13,13.586597442626953,0.0
2017-03-14,13.289724349975586,0.0
2017-03-15,13.681344985961914,0.0
2017-03-16,13.618181228637695,0.0
2017-03-17,13.441323280334473,0.0
2017-03-20,13.384474754333496,0.0
2017-03-21,13.226561546325684,0.0
2017-03-22,13.251827239990234,0.0
2017-03-23,13.359204292297363,0.0
2017-03-24,13.359204292297363,0.0
2017-03-27,13.283408164978027,0.0
2017-03-28,13.529748916625977,0.0
2017-03-29,13.52342700958252,0.0
2017-03-30,13.536067962646484,0.0
2017-03-31,13.731876373291016,0.0
2017-04-03,13.637125968933105,0.0
2017-04-04,13.668709754943848,0.0
2017-04-05,13.561330795288086,0.0
2017-04-06,13.738188743591309,0.0
2017-04-07,13.618181228637695,0.0
2017-04-10,13.738188743591309,0.0
2017-04-11,13.649760246276855,0.0
2017-04-12,13.681344985961914,0.0
2017-04-13,13.5108003616333,0.0
2017-04-17,13.498167037963867,0.0
2017-04-18,13.365521430969238,0.0
2017-04-19,13.251827239990234,0.0
2017-04-20,13.087599754333496,0.0
2017-04-21,12.803361892700195,0.0
2017-04-24,13.030752182006836,1.0
2017-04-25,13.201300621032715,0.0
2017-04-26,13.213926315307617,0.0
2017-04-27,13.102727890014648,0.0
2017-04-28,13.109081268310547,0.0
2017-05-01,13.051892280578613,0.0
2017-05-02,12.994704246520996,0.0
2017-05-03,12.886677742004395,0.0
2017-05-04,12.556248664855957,0.0
2017-05-05,12.829493522644043,1.0
2017-05-08,12.804072380065918,0.0
2017-05-09,12.645210266113281,0.0
2017-05-10,12.829493522644043,0.0
2017-05-11,12.778654098510742,0.0
2017-05-12,12.651565551757812,0.0
2017-05-15,12.645210266113281,0.0
2017-05-16,12.58166790008545,0.0
2017-05-17,12.391040802001953,0.0
2017-05-18,12.359259605407715,0.0
2017-05-19,12.403746604919434,0.0
2017-05-22,12.397388458251953,0.0
2017-05-23,12.403746604919434,0.0
2017-05-24,12.308429718017578,0.0
2017-05-25,12.340202331542969,0.0
2017-05-26,12.232175827026367,0.0
2017-05-30,11.704763412475586,1.0
2017-05-31,11.92081356048584,1.0
2017-06-01,12.066962242126465,0.0
2017-06-02,12.041548728942871,0.0
2017-06-05,12.047897338867188,0.0
2017-06-06,11.94622802734375,0.0
2017-06-07,11.869976997375488,0.0
2017-06-08,11.92081356048584,0.0
2017-06-09,12.124153137207031,0.0
2017-06-12,12.155921936035156,0.0
2017-06-13,12.219466209411621,0.0
2017-06-14,12.047897338867188,0.0
2017-06-15,11.952585220336914,0.0
2017-06-16,12.194049835205078,0.0
2017-06-19,12.111445426940918,0.0
2017-06-20,11.768309593200684,0.0
2017-06-21,11.761953353881836,0.0
2017-06-22,11.80643367767334,0.0
2017-06-23,11.939879417419434,0.0
2017-06-26,11.997064590454102,0.0
2017-06-27,12.016125679016113,0.0
2017-06-28,12.08602523803711,0.0
2017-06-29,12.098737716674805,0.0
2017-06-30,12.174988746643066,0.0
2017-07-03,12.403746604919434,0.0
2017-07-05,12.270299911499023,0.0
2017-07-06,12.155921936035156,0.0
2017-07-07,12.1813383102417,0.0
2017-07-10,12.124153137207031,0.0
2017-07-11,12.213112831115723,0.0
2017-07-12,12.333847045898438,0.0
2017-07-13,12.283012390136719,0.0
2017-07-14,12.416451454162598,0.0
2017-07-17,12.422807693481445,0.0
2017-07-18,12.391040802001953,0.0
2017-07-19,12.499061584472656,0.0
2017-07-20,13.064600944519043,0.0
2017-07-21,13.14720630645752,0.0
2017-07-24,12.918453216552734,0.0
2017-07-25,12.867619514465332,0.0
2017-07-26,12.924800872802734,0.0
2017-07-27,13.087846755981445,0.0
2017-07-28,13.043088912963867,0.0
2017-07-31,13.062267303466797,0.0
2017-08-01,13.011119842529297,0.0
2017-08-02,12.998333930969238,0.0
2017-08-03,12.934392929077148,0.0
2017-08-04,12.915213584899902,0.0
2017-08-07,12.883245468139648,0.0
2017-08-08,12.627498626708984,0.0
2017-08-09,12.627498626708984,0.0
2017-08-10,12.397322654724121,0.0
2017-08-11,12.192727088928223,0.0
2017-08-14,12.167156219482422,0.0
2017-08-15,12.052067756652832,0.0
2017-08-16,11.962554931640625,0.0
2017-08-17,11.764351844787598,1.0
2017-08-18,11.860257148742676,1.0
2017-08-21,11.860257148742676,0.0
2017-08-22,12.01370906829834,0.0
2017-08-23,12.154365539550781,0.0
2017-08-24,12.179941177368164,0.0
2017-08-25,12.256662368774414,0.0
2017-08-28,12.154365539550781,0.0
2017-08-29,12.160759925842285,0.0
2017-08-30,12.192727088928223,0.0
2017-08-31,12.358962059020996,0.0
2017-09-01,12.378146171569824,0.0
2017-09-05,12.371747016906738,0.0
2017-09-06,12.358962059020996,0.0
2017-09-07,12.2374849319458,0.0
2017-09-08,12.2374849319458,0.0
2017-09-11,12.42929744720459,0.0
2017-09-12,12.378146171569824,0.0
2017-09-13,12.42929744720459,0.0
2017-09-14,12.36535930633545,0.0
2017-09-15,12.378146171569824,0.0
2017-09-18,12.397322654724121,0.0
2017-09-19,12.506021499633789,0.0
2017-09-20,12.640286445617676,0.0
2017-09-21,12.35257339477539,0.0
2017-09-22,12.320602416992188,0.0
2017-09-25,12.58913803100586,0.0
2017-09-26,12.480445861816406,0.0
2017-09-27,12.358962059020996,0.0
2017-09-28,12.346176147460938,0.0
2017-09-29,12.263059616088867,0.0
2017-10-02,12.211909294128418,0.0
2017-10-03,12.052067756652832,0.0
2017-10-04,12.03288459777832,0.0
2017-10-05,12.211909294128418,0.0
2017-10-06,12.160759925842285,0.0
2017-10-09,12.167156219482422,0.0
2017-10-10,12.116008758544922,0.0
2017-10-11,12.179941177368164,0.0
2017-10-12,12.071248054504395,0.0
2017-10-13,11.994524002075195,0.0
2017-10-16,12.026495933532715,0.0
2017-10-17,11.943374633789062,0.0
2017-10-18,11.879440307617188,0.0
2017-10-19,11.924190521240234,0.0
2017-10-20,11.777139663696289,0.0
2017-10-23,11.585332870483398,0.0
2017-10-24,11.681235313415527,1.0
2017-10-25,11.48302936553955,0.0
2017-10-26,11.508607864379883,1.0
2017-10-27,11.527788162231445,0.0
2017-10-30,11.65333366394043,0.0
2017-10-31,11.659774780273438,0.0
2017-11-01,11.672649383544922,0.0
2017-11-02,11.460186004638672,0.0
2017-11-03,11.421553611755371,0.0
2017-11-06,11.640458106994629,0.0
2017-11-07,11.614704132080078,0.0
2017-11-08,11.588953018188477,0.0
2017-11-09,11.531006813049316,0.0
2017-11-10,11.37648868560791,0.0
2017-11-13,11.241280555725098,0.0
2017-11-14,11.221969604492188,0.0
2017-11-15,10.964435577392578,0.0
2017-11-16,10.83566665649414,1.0
2017-11-17,10.951559066772461,1.0
2017-11-20,10.983749389648438,1.0
2017-11-21,10.861422538757324,0.0
2017-11-22,11.009505271911621,1.0
2017-11-24,11.067449569702148,0.0
2017-11-27,10.919368743896484,0.0
2017-11-28,10.964435577392578,0.0
2017-11-29,10.79060173034668,0.0
2017-11-30,11.093202590942383,0.0
2017-12-01,11.209092140197754,0.0
2017-12-04,11.1060791015625,0.0
2017-12-05,11.035256385803223,0.0
2017-12-06,11.01594066619873,0.0
2017-12-07,11.17690372467041,0.0
2017-12-08,11.453746795654297,0.0
2017-12-11,11.56319808959961,0.0
2017-12-12,11.427995681762695,0.0
2017-12-13,11.492375373840332,0.0
2017-12-14,11.485939025878906,0.0
2017-12-15,11.543883323669434,0.0
2017-12-18,11.588953018188477,0.0
2017-12-19,11.537447929382324,0.0
2017-12-20,11.434429168701172,0.0
2017-12-21,11.634018898010254,0.0
2017-12-22,11.62114429473877,0.0
2017-12-26,11.659774780273438,0.0
2017-12-27,11.666211128234863,0.0
2017-12-28,11.788537979125977,0.0
2017-12-29,11.634018898010254,0.0
2018-01-02,12.104015350341797,0.0
2018-01-03,12.20702838897705,0.0
2018-01-04,12.239226341247559,0.0
2018-01-05,12.200591087341309,0.0
2018-01-08,12.142648696899414,0.0
2018-01-09,12.194154739379883,0.0
2018-01-10,12.155521392822266,0.0
2018-01-11,12.361551284790039,0.0
2018-01-12,12.567573547363281,0.0
2018-01-16,12.483875274658203,0.0
2018-01-17,12.599766731262207,0.0
2018-01-18,12.239226341247559,0.0
2018-01-19,12.239226341247559,0.0
2018-01-22,12.638397216796875,0.0
2018-01-23,12.52250862121582,0.0
2018-01-24,12.322916984558105,0.0
2018-01-25,12.116893768310547,0.0
2018-01-26,12.084699630737305,0.0
2018-01-29,12.046072006225586,0.0
2018-01-30,11.815975189208984,0.0
2018-01-31,11.653935432434082,0.0
2018-02-01,11.70578670501709,0.0
2018-02-02,11.342817306518555,0.0
2018-02-05,10.895586013793945,0.0
2018-02-06,11.232627868652344,1.0
2018-02-07,11.206705093383789,0.0
2018-02-08,10.889104843139648,0.0
2018-02-09,11.174295425415039,0.0
2018-02-12,11.213183403015137,0.0
2018-02-13,11.271513938903809,0.0
2018-02-14,11.310404777526855,0.0
2018-02-15,11.2196683883667,0.0
2018-02-16,11.057625770568848,0.0
2018-02-20,11.01873779296875,0.0
2018-02-21,10.856694221496582,0.0
2018-02-22,10.79836368560791,0.0
2018-02-23,11.02521800994873,0.0
2018-02-26,10.966882705688477,0.0
2018-02-27,10.785395622253418,0.0
2018-02-28,10.50020694732666,0.0
2018-03-01,10.506689071655273,0.0
2018-03-02,10.435393333435059,0.0
2018-03-05,10.506689071655273,0.0
2018-03-06,10.44187068939209,0.0
2018-03-07,10.402982711791992,0.0
2018-03-08,10.377058029174805,0.0
2018-03-09,10.584467887878418,0.0
2018-03-12,10.727062225341797,0.0
2018-03-13,10.694653511047363,0.0
2018-03-14,10.642800331115723,0.0
2018-03-15,10.571502685546875,0.0
2018-03-16,10.636321067810059,0.0
2018-03-19,10.370573997497559,0.0
2018-03-20,10.117792129516602,0.0
2018-03-21,10.312241554260254,0.0
2018-03-22,9.955750465393066,0.0
2018-03-23,9.72889518737793,0.0
2018-03-26,9.806676864624023,1.0
2018-03-27,9.780749320983887,0.0
2018-03-28,9.599265098571777,0.0
2018-03-29,9.76130199432373,1.0
2018-04-02,9.657598495483398,0.0
2018-04-03,9.72889518737793,0.0
2018-04-04,9.826119422912598,0.0
2018-04-05,10.046493530273438,0.0
2018-04-06,9.832602500915527,0.0
2018-04-09,9.7872314453125,0.0
2018-04-10,10.117792129516602,0.0
2018-04-11,9.949270248413086,0.0
2018-04-12,9.942790031433105,0.0
2018-04-13,9.936308860778809,0.0
2018-04-16,10.163164138793945,0.0
2018-04-17,10.383539199829102,0.0
2018-04-18,10.480762481689453,0.0
2018-04-19,10.720582962036133,0.0
2018-04-20,10.675210952758789,0.0
2018-04-23,10.655765533447266,0.0
2018-04-24,10.54557991027832,0.0
2018-04-25,10.539095878601074,0.0
2018-04-26,10.513171195983887,0.0
2018-04-27,10.467233657836914,0.0
2018-04-30,10.38192081451416,0.0
2018-05-01,10.513172149658203,0.0
2018-05-02,10.605046272277832,0.0
2018-05-03,10.38192081451416,0.0
2018-05-04,10.572233200073242,0.0
2018-05-07,10.637860298156738,0.0
2018-05-08,10.54598617553711,0.0
2018-05-09,10.795360565185547,0.0
2018-05-10,10.828169822692871,0.0
2018-05-11,10.834734916687012,0.0
2018-05-14,10.920044898986816,0.0
2018-05-15,10.788797378540039,0.0
2018-05-16,10.762545585632324,0.0
2018-05-17,10.696920394897461,0.0
2018-05-18,10.54598617553711,0.0
2018-05-21,10.486921310424805,0.0
2018-05-22,10.460672378540039,0.0
2018-05-23,10.62473201751709,0.0
2018-05-24,10.421295166015625,0.0
2018-05-25,10.427857398986816,0.0
2018-05-29,10.526294708251953,0.0
2018-05-30,10.867544174194336,0.0
2018-05-31,10.946297645568848,0.0
2018-06-01,11.090673446655273,0.0
2018-06-04,11.116921424865723,0.0
2018-06-05,11.051298141479492,0.0
2018-06-06,10.972545623779297,0.0
2018-06-07,11.195672988891602,0.0
2018-06-08,11.057861328125,0.0
2018-06-11,11.254735946655273,0.0
2018-06-12,11.110363960266113,0.0
2018-06-13,10.985675811767578,0.0
2018-06-14,11.12348461151123,0.0
2018-06-15,11.005363464355469,0.0
2018-06-18,11.261298179626465,0.0
2018-06-19,11.38598918914795,0.0
2018-06-20,11.477863311767578,0.0
2018-06-21,11.261298179626465,0.0
2018-06-22,11.41223430633545,0.0
2018-06-25,11.267862319946289,0.0
2018-06-26,11.517237663269043,0.0
2018-06-27,11.576297760009766,0.0
2018-06-28,11.471299171447754,0.0
2018-06-29,11.595989227294922,0.0
2018-07-02,11.438488960266113,0.0
2018-07-03,11.609115600585938,0.0
2018-07-05,11.536925315856934,0.0
2018-07-06,11.76661491394043,0.0
2018-07-09,11.878178596496582,0.0
2018-07-10,11.956926345825195,0.0
2018-07-11,11.720675468444824,0.0
2018-07-12,11.832240104675293,0.0
2018-07-13,11.75348949432373,0.0
2018-07-16,11.681302070617676,0.0
2018-07-17,11.609115600585938,0.0
2018-07-18,11.668173789978027,0.0
2018-07-19,11.805990219116211,0.0
2018-07-20,11.609115600585938,0.0
2018-07-23,11.615675926208496,0.0
2018-07-24,11.582865715026855,0.0
2018-07-25,11.746925354003906,0.0
2018-07-26,11.832240104675293,0.0
2018-07-27,11.746925354003906,0.0
2018-07-30,11.780110359191895,0.0
2018-07-31,11.800020217895508,0.0
2018-08-01,11.634101867675781,0.0
2018-08-02,11.73365306854248,0.0
2018-08-03,11.693832397460938,0.0
2018-08-06,11.912842750549316,0.0
2018-08-07,11.932754516601562,0.0
2018-08-08,11.892934799194336,0.0
2018-08-09,11.906208038330078,0.0
2018-08-10,12.058850288391113,0.0
2018-08-13,11.839839935302734,0.0
2018-08-14,11.912842750549316,0.0
2018-08-15,11.76683521270752,0.0
2018-08-16,11.826567649841309,0.0
2018-08-17,11.912842750549316,0.0
2018-08-20,11.886296272277832,0.0
2018-08-21,11.919479370117188,0.0
2018-08-22,12.131853103637695,0.0
2018-08-23,11.932754516601562,0.0
2018-08-24,11.926117897033691,0.0
2018-08-27,11.926117897033691,0.0
2018-08-28,11.819928169250488,0.0
2018-08-29,11.866385459899902,0.0
2018-08-30,11.800020217895508,0.0
2018-08-31,11.746925354003906,0.0
2018-09-04,11.693832397460938,0.0
2018-09-05,11.806657791137695,0.0
2018-09-06,11.727015495300293,0.0
2018-09-07,11.826567649841309,0.0
2018-09-10,11.740289688110352,0.0
2018-09-11,11.952661514282227,0.0
2018-09-12,12.052214622497559,0.0
2018-09-13,12.145127296447754,0.0
2018-09-14,11.985845565795898,0.0
2018-09-17,12.058850288391113,0.0
2018-09-18,12.025666236877441,0.0
2018-09-19,12.11858081817627,0.0
2018-09-20,11.972573280334473,0.0
2018-09-21,11.985845565795898,0.0
2018-09-24,11.873024940490723,0.0
2018-09-25,11.866385459899902,0.0
2018-09-26,11.687195777893066,0.0
2018-09-27,11.654010772705078,0.0
2018-09-28,11.76683521270752,0.0
2018-10-01,12.065485954284668,0.0
2018-10-02,11.99912166595459,0.0
2018-10-03,12.105310440063477,0.0
2018-10-04,12.125218391418457,0.0
2018-10-05,11.985845565795898,0.0
2018-10-08,12.085396766662598,0.0
2018-10-09,12.32431697845459,0.0
2018-10-10,11.946027755737305,0.0
2018-10-11,11.561098098754883,0.0
2018-10-12,11.620830535888672,0.0
2018-10-15,11.640740394592285,0.0
2018-10-16,11.892934799194336,0.0
2018-10-17,11.912842750549316,0.0
2018-10-18,11.906208038330078,0.0
2018-10-19,11.932754516601562,0.0
2018-10-22,11.574373245239258,0.0
2018-10-23,11.308904647827148,0.0
2018-10-24,10.957162857055664,0.0
2018-10-25,11.003618240356445,0.0
2018-10-26,11.010251998901367,0.0
2018-10-29,10.923975944519043,0.0
2018-10-30,11.259893417358398,0.0
2018-10-31,11.4345703125,0.0
2018-11-01,11.52862548828125,0.0
2018-11-02,11.327075958251953,0.0
2018-11-05,11.595808029174805,0.0
2018-11-06,11.723459243774414,0.0
2018-11-07,11.757049560546875,0.0
2018-11-08,11.797357559204102,0.0
2018-11-09,11.777202606201172,0.0
2018-11-12,11.736893653869629,0.0
2018-11-13,11.542062759399414,0.0
2018-11-14,11.380823135375977,0.0
2018-11-15,11.535341262817383,0.0
2018-11-16,11.609245300292969,0.0
2018-11-19,11.703300476074219,0.0
2018-11-20,11.394256591796875,0.0
2018-11-21,11.535341262817383,0.0
2018-11-23,11.159120559692383,0.0
2018-11-26,11.233019828796387,0.0
2018-11-27,11.239737510681152,0.0
2018-11-28,11.327075958251953,0.0
2018-11-29,11.333794593811035,0.0
2018-11-30,11.468160629272461,0.0
2018-12-03,11.6226806640625,0.0
2018-12-04,11.206145286560059,0.0
2018-12-06,11.058341979980469,0.0
2018-12-07,10.984442710876465,0.0
2018-12-10,10.776175498962402,0.0
2018-12-11,10.829919815063477,0.0
2018-12-12,10.903822898864746,0.0
2018-12-13,11.024752616882324,0.0
2018-12-14,10.863512992858887,0.0
2018-12-17,10.641810417175293,0.0
2018-12-18,10.433539390563965,0.0
2018-12-19,10.46041202545166,0.0
2018-12-20,10.446978569030762,0.0
2018-12-21,10.46041202545166,0.0
2018-12-24,9.882638931274414,0.0
2018-12-26,10.507442474365234,1.0
2018-12-27,10.420105934143066,0.0
2018-12-28,10.272303581237793,0.0
2018-12-31,10.332765579223633,0.0
2019-01-02,10.614935874938965,0.0
2019-01-03,10.554471015930176,0.0
2019-01-04,10.910542488098145,0.0
2019-01-07,11.145679473876953,0.0
2019-01-08,11.515188217163086,0.0
2019-01-09,11.595808029174805,0.0
2019-01-10,11.662989616394043,0.0
2019-01-11,11.495034217834473,0.0
2019-01-14,11.575653076171875,0.0
2019-01-15,11.636117935180664,0.0
2019-01-16,11.736893653869629,0.0
2019-01-17,11.904852867126465,0.0
2019-01-18,12.09968090057373,0.0
2019-01-22,11.844386100769043,0.0
2019-01-23,11.582374572753906,0.0
2019-01-24,11.743611335754395,0.0
2019-01-25,11.918288230895996,0.0
2019-01-28,12.019063949584961,0.0
2019-01-29,12.126558303833008,0.0
2019-01-30,12.289597511291504,0.0
2019-01-31,12.296396255493164,0.0
2019-02-01,12.466233253479004,0.0
2019-02-04,12.473028182983398,0.0
2019-02-05,12.54775619506836,0.0
2019-02-06,12.269219398498535,0.0
2019-02-07,12.201284408569336,0.0
2019-02-08,12.242049217224121,0.0
2019-02-11,12.411886215209961,0.0
2019-02-12,12.554550170898438,0.0
2019-02-13,12.73118782043457,0.0
2019-02-14,12.826295852661133,0.0
2019-02-15,12.771946907043457,0.0
2019-02-19,13.009721755981445,0.0
2019-02-20,13.023311614990234,0.0
2019-02-21,13.036898612976074,0.0
2019-02-22,13.125215530395508,0.0
2019-02-25,13.111625671386719,0.0
2019-02-26,13.05727481842041,0.0
2019-02-27,13.098038673400879,0.0
2019-02-28,13.01651382446289,0.0
2019-03-01,13.41054630279541,0.0
2019-03-04,13.485272407531738,0.0
2019-03-05,13.566794395446777,0.0
2019-03-06,13.587172508239746,0.0
2019-03-07,13.47848129272461,0.0
2019-03-08,13.40374755859375,0.0
2019-03-11,13.519242286682129,0.0
2019-03-12,13.492069244384766,0.0
2019-03-13,13.573587417602539,0.0
2019-03-14,13.573587417602539,0.0
2019-03-15,13.498862266540527,0.0
2019-03-18,13.580382347106934,0.0
2019-03-19,13.621143341064453,0.0
2019-03-20,13.648321151733398,0.0
2019-03-21,13.87251091003418,0.0
2019-03-22,13.519242286682129,0.0
2019-03-25,13.67548942565918,0.0
2019-03-26,13.648321151733398,0.0
2019-03-27,13.573587417602539,0.0
2019-03-28,13.553206443786621,0.0
2019-03-29,13.593972206115723,0.0
2019-04-01,13.614354133605957,0.0
2019-04-02,13.621143341064453,0.0
2019-04-03,13.512446403503418,0.0
2019-04-04,13.53282642364502,0.0
2019-04-05,13.621143341064453,0.0
2019-04-08,13.54641342163086,0.0
2019-04-09,13.512446403503418,0.0
2019-04-10,13.47848129272461,0.0
2019-04-11,13.53282642364502,0.0
2019-04-12,13.46489143371582,0.0
2019-04-15,13.444512367248535,0.0
2019-04-16,13.458100318908691,0.0
2019-04-17,13.376578330993652,0.0
2019-04-18,13.172769546508789,0.0
2019-04-22,13.607560157775879,0.0
2019-04-23,13.641528129577637,0.0
2019-04-24,13.641528129577637,0.0
2019-04-25,13.566794395446777,0.0
2019-04-26,13.743428230285645,0.0
2019-04-29,13.660889625549316,0.0
2019-04-30,13.667765617370605,0.0
2019-05-01,13.475165367126465,0.0
2019-05-02,13.316962242126465,0.0
2019-05-03,13.433891296386719,0.0
2019-05-06,13.37198543548584,0.0
2019-05-07,13.454526901245117,0.0
2019-05-08,13.530192375183105,0.0
2019-05-09,13.571464538574219,0.0
2019-05-10,13.55082893371582,0.0
2019-05-13,13.530192375183105,0.0
2019-05-14,13.709037780761719,0.0
2019-05-15,13.853486061096191,0.0
2019-05-16,14.046087265014648,0.0
2019-05-17,13.901637077331543,0.0
2019-05-20,13.956664085388184,0.0
2019-05-21,13.99106216430664,0.0
2019-05-22,13.99106216430664,0.0
2019-05-23,13.729673385620117,0.0
2019-05-24,13.798460006713867,0.0
2019-05-28,13.674644470214844,0.0
2019-05-29,13.695279121398926,0.0
2019-05-30,13.798460006713867,0.0
2019-05-31,13.722793579101562,0.0
2019-06-03,13.853486061096191,0.0
2019-06-04,13.99106216430664,0.0
2019-06-05,14.080480575561523,0.0
2019-06-06,14.348747253417969,0.0
2019-06-07,14.534465789794922,0.0
2019-06-10,14.362505912780762,0.0
2019-06-11,14.293720245361328,0.0
2019-06-12,14.018571853637695,0.0
2019-06-13,14.114873886108398,0.0
2019-06-14,14.121756553649902,0.0
2019-06-17,14.114873886108398,0.0
2019-06-18,14.307475090026855,0.0
2019-06-19,14.403775215148926,0.0
2019-06-20,14.513832092285156,0.0
2019-06-21,14.70643424987793,0.0
2019-06-24,14.55510425567627,0.0
2019-06-25,14.156147956848145,0.0
2019-06-26,14.197418212890625,0.0
2019-06-27,14.03920841217041,0.0
2019-06-28,14.362505912780762,0.0
2019-07-01,14.362505912780762,0.0
2019-07-02,14.4381685256958,0.0
2019-07-03,14.50007438659668,0.0
2019-07-05,14.520709991455078,0.0
2019-07-08,14.486318588256836,0.0
2019-07-09,14.610132217407227,0.0
2019-07-10,14.568862915039062,0.0
2019-07-11,14.630769729614258,0.0
2019-07-12,14.644530296325684,0.0
2019-07-15,14.610132217407227,0.0
2019-07-16,14.383138656616211,0.0
2019-07-17,14.163021087646484,0.0
2019-07-18,14.046087265014648,0.0
2019-07-19,14.101118087768555,0.0
2019-07-22,14.28683853149414,0.0
2019-07-23,14.163021087646484,0.0
2019-07-24,14.20429801940918,0.0
2019-07-25,14.156147956848145,0.0
2019-07-26,14.341867446899414,0.0
2019-07-29,14.369380950927734,0.0
2019-07-30,14.404192924499512,0.0
2019-07-31,14.355457305908203,0.0
2019-08-01,14.45988655090332,0.0
2019-08-02,14.070018768310547,0.0
2019-08-05,13.81242847442627,0.0
2019-08-06,13.944705963134766,0.0
2019-08-07,13.902932167053223,0.0
2019-08-08,14.18140697479248,0.0
2019-08-09,14.18140697479248,0.0
2019-08-12,14.160527229309082,0.0
2019-08-13,14.278877258300781,0.0
2019-08-14,13.78458309173584,0.0
2019-08-15,13.840276718139648,0.0
2019-08-16,14.014320373535156,0.0
2019-08-19,14.209256172180176,0.0
2019-08-20,14.021285057067871,0.0
2019-08-21,14.195330619812012,0.0
2019-08-22,14.063056945800781,0.0
2019-08-23,13.624455451965332,0.0
2019-08-26,13.868120193481445,0.0
2019-08-27,13.951667785644531,0.0
2019-08-28,14.104829788208008,0.0
2019-08-29,14.20229434967041,0.0
2019-08-30,14.11179256439209,0.0
2019-09-03,14.007366180419922,0.0
2019-09-04,14.15356159210205,0.0
2019-09-05,14.278877258300781,0.0
2019-09-06,14.209256172180176,0.0
2019-09-09,14.209256172180176,0.0
2019-09-10,14.083941459655762,0.0
2019-09-11,14.237105369567871,0.0
2019-09-12,14.216218948364258,0.0
2019-09-13,14.251029014587402,0.0
2019-09-16,14.390266418457031,0.0
2019-09-17,14.439001083374023,0.0
2019-09-18,14.390266418457031,0.0
2019-09-19,14.404192924499512,0.0
2019-09-20,14.564314842224121,0.0
2019-09-23,14.466851234436035,0.0
2019-09-24,14.320643424987793,0.0
2019-09-25,14.278877258300781,0.0
2019-09-26,14.28583812713623,0.0
2019-09-27,14.390266418457031,0.0
2019-09-30,14.348494529724121,0.0
2019-10-01,14.125712394714355,0.0
2019-10-02,14.042174339294434,0.0
2019-10-03,14.188369750976562,0.0
2019-10-04,14.28583812713623,0.0
2019-10-07,14.132675170898438,0.0
2019-10-08,13.930784225463867,0.0
2019-10-09,14.049131393432617,0.0
2019-10-10,14.090902328491211,0.0
2019-10-11,14.083941459655762,0.0
2019-10-14,14.021285057067871,0.0
2019-10-15,14.049131393432617,0.0
2019-10-16,13.937739372253418,0.0
2019-10-17,13.972552299499512,0.0
2019-10-18,13.937739372253418,0.0
2019-10-21,14.035212516784668,0.0
2019-10-22,14.146600723266602,0.0
2019-10-23,14.20229434967041,0.0
2019-10-24,14.230140686035156,0.0
2019-10-25,14.216218948364258,0.0
2019-10-28,14.049131393432617,0.0
2019-10-29,14.042174339294434,0.0
2019-10-30,14.098562240600586,0.0
2019-10-31,14.084465026855469,0.0
2019-11-01,14.451031684875488,0.0
2019-11-04,14.493326187133789,0.0
2019-11-05,14.465128898620605,0.0
2019-11-06,14.246601104736328,0.0
2019-11-07,14.126765251159668,0.0
2019-11-08,14.119715690612793,0.0
2019-11-11,14.056269645690918,0.0
2019-11-12,14.147910118103027,0.0
2019-11-13,14.34528923034668,0.0
2019-11-14,14.253647804260254,0.0
2019-11-15,14.408732414245605,0.0
2019-11-18,14.197254180908203,0.0
2019-11-19,14.105619430541992,0.0
2019-11-20,14.140863418579102,0.0
2019-11-21,14.211357116699219,0.0
2019-11-22,14.070369720458984,0.0
2019-11-25,14.070369720458984,0.0
2019-11-26,13.88708782196045,0.0
2019-11-27,13.908235549926758,0.0
2019-11-29,13.82364273071289,0.0
2019-12-02,13.675607681274414,0.0
2019-12-03,13.499375343322754,0.0
2019-12-04,13.60511589050293,1.0
2019-12-05,13.872987747192383,0.0
2019-12-06,13.922333717346191,0.0
2019-12-09,14.056269645690918,0.0
2019-12-10,14.183160781860352,0.0
2019-12-11,14.239551544189453,0.0
2019-12-12,14.204305648803711,0.0
2019-12-13,14.239551544189453,0.0
2019-12-16,14.507428169250488,0.0
2019-12-17,14.458080291748047,0.0
2019-12-18,14.606115341186523,0.0
2019-12-19,14.690703392028809,0.0
2019-12-20,14.782344818115234,0.0
2019-12-23,14.944479942321777,0.0
2019-12-24,14.895133972167969,0.0
2019-12-26,14.944479942321777,0.0
2019-12-27,14.859889030456543,0.0
2019-12-30,14.8246431350708,0.0
2019-12-31,14.92332935333252,0.0
2020-01-02,14.831692695617676,0.0
2020-01-03,14.944479942321777,0.0
2020-01-06,15.000874519348145,0.0
2020-01-07,15.03612232208252,0.0
2020-01-08,14.916284561157227,0.0
2020-01-09,15.191202163696289,0.0
2020-01-10,15.163008689880371,0.0
2020-01-13,15.191202163696289,0.0
2020-01-14,15.127763748168945,0.0
2020-01-15,15.092514991760254,0.0
2020-01-16,15.064318656921387,0.0
2020-01-17,15.057267189025879,0.0
2020-01-21,14.75415325164795,0.0
2020-01-22,14.775296211242676,0.0
2020-01-23,15.339238166809082,0.0
2020-01-24,15.198253631591797,0.0
2020-01-27,15.007927894592285,0.0
2020-01-28,15.127763748168945,0.0
2020-01-29,14.937433242797852,0.0
2020-01-30,15.099564552307129,0.0
2020-01-31,14.885590553283691,0.0
2020-02-03,14.842790603637695,0.0
2020-02-04,14.978311538696289,0.0
2020-02-05,15.185152053833008,0.0
2020-02-06,15.21368408203125,0.0
2020-02-07,15.063902854919434,0.0
2020-02-10,15.206551551818848,0.0
2020-02-11,15.30640697479248,0.0
2020-02-12,15.556048393249512,0.0
2020-02-13,15.648770332336426,0.0
2020-02-14,15.691560745239258,0.0
2020-02-18,15.698697090148926,0.0
2020-02-19,15.805685043334961,0.0
2020-02-20,15.862744331359863,0.0
2020-02-21,15.791413307189941,0.0
2020-02-24,15.527519226074219,0.0
2020-02-25,15.0139741897583,0.0
2020-02-26,14.635950088500977,0.0
2020-02-27,13.922698974609375,0.0
2020-02-28,13.673057556152344,1.0
2020-03-02,14.436237335205078,1.0
2020-03-03,14.158069610595703,0.0
2020-03-04,14.429107666015625,0.0
2020-03-05,14.051084518432617,0.0
2020-03-06,13.787178993225098,0.0
2020-03-09,11.483372688293457,0.0
2020-03-10,11.440577507019043,1.0
2020-03-11,11.055420875549316,1.0
2020-03-12,9.885685920715332,1.0
2020-03-13,10.54188060760498,1.0
2020-03-16,9.07970905303955,1.0
2020-03-17,9.015517234802246,1.0
2020-03-18,7.1182637214660645,1.0
2020-03-19,7.988431453704834,1.0
2020-03-20,8.808673858642578,1.0
2020-03-23,7.8671793937683105,0.0
2020-03-24,9.186699867248535,1.0
2020-03-25,9.792962074279785,0.0
2020-03-26,10.327900886535645,0.0
2020-03-27,9.80722713470459,0.0
2020-03-30,9.464865684509277,0.0
2020-03-31,9.928481101989746,0.0
2020-04-01,9.07970905303955,0.0
2020-04-02,9.593252182006836,0.0
2020-04-03,9.56472110748291,0.0
2020-04-06,9.978407859802246,0.0
2020-04-07,10.128192901611328,0.0
2020-04-08,10.577542304992676,0.0
2020-04-09,10.95556354522705,0.0
2020-04-13,10.663131713867188,0.0
2020-04-14,10.784384727478027,0.0
2020-04-15,10.235180854797363,0.0
2020-04-16,10.06399917602539,0.0
2020-04-17,10.67739486694336,0.0
2020-04-20,10.477683067321777,0.0
2020-04-21,10.313638687133789,0.0
2020-04-22,10.463420867919922,0.0
2020-04-23,10.13532543182373,0.0
2020-04-24,10.427757263183594,0.0
2020-04-27,10.713062286376953,0.0
2020-04-28,10.83431339263916,0.0
2020-04-29,11.205204963684082,0.0
2020-04-30,10.86284065246582,0.0
2020-05-01,10.567448616027832,0.0
2020-05-04,10.632769584655762,0.0
2020-05-05,10.850503921508789,0.0
2020-05-06,10.683570861816406,0.0
2020-05-07,10.843245506286621,0.0
2020-05-08,11.14081859588623,0.0
2020-05-11,11.148075103759766,0.0
2020-05-12,10.879532814025879,0.0
2020-05-13,10.690831184387207,0.0
2020-05-14,10.77066707611084,0.0
2020-05-15,10.77066707611084,0.0
2020-05-18,11.242427825927734,0.0
2020-05-19,11.133561134338379,0.0
2020-05-20,11.358553886413574,0.0
2020-05-21,11.148075103759766,0.0
2020-05-22,11.184366226196289,0.0
2020-05-26,11.467421531677246,0.0
2020-05-27,11.59080696105957,0.0
2020-05-28,11.409358978271484,0.0
2020-05-29,11.467421531677246,0.0
2020-06-01,11.445650100708008,0.0
2020-06-02,11.525485038757324,0.0
2020-06-03,11.72144889831543,0.0
2020-06-04,11.779508590698242,0.0
2020-06-05,12.135147094726562,0.0
2020-06-08,13.042377471923828,0.0
2020-06-09,12.548846244812012,0.0
2020-06-10,12.287559509277344,0.0
2020-06-11,11.256942749023438,0.0
2020-06-12,11.249685287475586,0.0
2020-06-15,11.503713607788086,0.0
2020-06-16,11.59080696105957,0.0
2020-06-17,11.380328178405762,0.0
2020-06-18,11.445650100708008,0.0
2020-06-19,11.264202117919922,0.0
2020-06-22,11.329521179199219,0.0
2020-06-23,11.206140518188477,0.0
2020-06-24,10.748893737792969,0.0
2020-06-25,10.857763290405273,0.0
2020-06-26,10.502126693725586,0.0
2020-06-29,10.640026092529297,0.0
2020-06-30,11.010177612304688,0.0
2020-07-01,10.821471214294434,0.0
2020-07-02,10.973889350891113,0.0
2020-07-06,11.02469253540039,0.0
2020-07-07,10.647283554077148,0.0
2020-07-08,10.53841781616211,0.0
2020-07-09,10.095685958862305,0.0
2020-07-10,10.335193634033203,0.0
2020-07-13,10.298905372619629,0.0
2020-07-14,10.56019115447998,0.0
2020-07-15,10.857763290405273,0.0
2020-07-16,10.879532814025879,0.0
2020-07-17,10.828730583190918,0.0
2020-07-20,10.523900032043457,0.0
2020-07-21,10.95211410522461,0.0
2020-07-22,10.806958198547363,0.0
2020-07-23,10.516642570495605,0.0
2020-07-24,10.342453956604004,0.0
2020-07-27,10.306163787841797,0.0
2020-07-28,10.248102188110352,0.0
2020-07-29,10.545672416687012,0.0
2020-07-30,10.393258094787598,0.0
2020-07-31,10.425052642822266,0.0
2020-08-03,10.37329387664795,0.0
2020-08-04,10.720797538757324,0.0
2020-08-05,10.676436424255371,0.0
2020-08-06,10.57292652130127,0.0
2020-08-07,10.5877103805542,0.0
2020-08-10,10.750370979309082,0.0
2020-08-11,10.66164779663086,0.0
2020-08-12,10.713403701782227,0.0
2020-08-13,10.550743103027344,0.0
2020-08-14,10.565529823303223,0.0
2020-08-17,10.676436424255371,0.0
2020-08-18,10.632073402404785,0.0
2020-08-19,10.439839363098145,0.0
2020-08-20,10.395475387573242,0.0
2020-08-21,10.432446479797363,0.0
2020-08-24,10.52856159210205,0.0
2020-08-25,10.321539878845215,0.0
2020-08-26,10.151487350463867,0.0
2020-08-27,10.247604370117188,0.0
2020-08-28,10.484199523925781,0.0
2020-08-31,10.218029975891113,0.0
2020-09-01,10.254999160766602,0.0
2020-09-02,10.232816696166992,0.0
2020-09-03,10.084945678710938,0.0
2020-09-04,9.99621868133545,0.0
2020-09-08,9.796591758728027,0.0
2020-09-09,9.774410247802734,0.0
2020-09-10,9.545206069946289,0.0
2020-09-11,9.47866439819336,1.0
2020-09-14,9.656109809875488,1.0
2020-09-15,9.545206069946289,0.0
2020-09-16,9.870530128479004,0.0
2020-09-17,9.826163291931152,0.0
2020-09-18,9.6708984375,0.0
2020-09-21,9.5082368850708,0.0
2020-09-22,9.463875770568848,0.0
2020-09-23,9.042437553405762,0.0
2020-09-24,9.07940673828125,1.0
2020-09-25,9.145950317382812,1.0
2020-09-28,9.323397636413574,0.0
2020-09-29,9.205099105834961,0.0
2020-09-30,9.116374969482422,0.0
2020-10-01,9.049830436706543,0.0
2020-10-02,9.101588249206543,0.0
2020-10-05,9.316003799438477,0.0
2020-10-06,9.072013854980469,0.0
2020-10-07,9.308611869812012,0.0
2020-10-08,9.707867622375488,0.0
2020-10-09,9.47866439819336,0.0
2020-10-12,9.449090957641602,0.0
2020-10-13,9.323397636413574,0.0
2020-10-14,9.582173347473145,0.0
2020-10-15,9.604354858398438,0.0
2020-10-16,9.5082368850708,0.0
2020-10-19,9.397334098815918,0.0
2020-10-20,9.375153541564941,0.0
2020-10-21,9.264246940612793,0.0
2020-10-22,9.582173347473145,0.0
2020-10-23,9.449090957641602,0.0
2020-10-26,9.153341293334961,0.0
2020-10-27,8.998074531555176,0.0
2020-10-28,8.746689796447754,0.0
2020-10-29,8.91674518585205,0.0
2020-10-30,8.994598388671875,0.0
2020-11-02,8.987039566040039,0.0
2020-11-03,9.062623023986816,0.0
2020-11-04,8.941686630249023,0.0
2020-11-05,8.994598388671875,0.0
2020-11-06,8.677141189575195,0.0
2020-11-09,9.296936988830566,0.0
2020-11-10,9.742889404296875,0.0
2020-11-11,9.84870719909668,0.0
2020-11-12,9.606836318969727,0.0
2020-11-13,9.924290657043457,0.0
2020-11-16,10.332449913024902,0.0
2020-11-17,10.604555130004883,0.0
2020-11-18,10.400477409362793,0.0
2020-11-19,10.8842191696167,0.0
2020-11-20,10.770842552185059,0.0
2020-11-23,11.050505638122559,0.0
2020-11-24,11.31505298614502,0.0
2020-11-25,11.22435188293457,0.0
2020-11-27,11.148765563964844,0.0
2020-11-30,10.869101524353027,0.0
2020-12-01,10.657466888427734,0.0
2020-12-02,10.83887004852295,0.0
2020-12-03,10.952245712280273,0.0
2020-12-04,11.284818649291992,0.0
2020-12-07,11.18655776977539,0.0
2020-12-08,11.156326293945312,0.0
2020-12-09,11.042948722839355,0.0
2020-12-10,11.178999900817871,0.0
2020-12-11,11.148765563964844,0.0
2020-12-14,10.816194534301758,0.0
2020-12-15,11.163886070251465,0.0
2020-12-16,11.035387992858887,0.0
2020-12-17,10.808635711669922,0.0
2020-12-18,10.740610122680664,0.0
2020-12-21,10.574321746826172,0.0
2020-12-22,10.415594100952148,0.0
2020-12-23,10.453385353088379,0.0
2020-12-24,10.453385353088379,0.0
2020-12-28,10.30977725982666,0.0
2020-12-29,10.25686264038086,0.0
2020-12-30,10.25686264038086,0.0
2020-12-31,10.332449913024902,0.0
2021-01-04,10.249305725097656,0.0
2021-01-05,10.506294250488281,0.0
2021-01-06,10.853984832763672,0.0
2021-01-07,11.035387992858887,0.0
2021-01-08,10.952245712280273,0.0
2021-01-11,11.14120864868164,0.0
2021-01-12,11.49645709991455,0.0
2021-01-13,11.572041511535645,0.0
2021-01-14,11.821471214294434,0.0
2021-01-15,11.708094596862793,0.0
2021-01-19,11.753445625305176,0.0
2021-01-20,11.78368091583252,0.0
2021-01-21,11.534249305725098,0.0
2021-01-22,11.579602241516113,0.0
2021-01-25,11.534249305725098,0.0
2021-01-26,11.504015922546387,0.0
2021-01-27,11.201675415039062,0.0
2021-01-28,11.103413581848145,0.0
2021-01-29,10.836355209350586,0.0
2021-02-01,10.790178298950195,0.0
2021-02-02,10.628554344177246,0.0
2021-02-03,10.959493637084961,0.0
2021-02-04,10.797872543334961,0.0
2021-02-05,10.890226364135742,0.0
2021-02-08,11.336612701416016,0.0
2021-02-09,11.213473320007324,0.0
2021-02-10,11.382789611816406,0.0
2021-02-11,11.305826187133789,0.0
2021-02-12,11.421274185180664,0.0
2021-02-16,11.575196266174316,0.0
2021-02-17,11.644461631774902,0.0
2021-02-18,11.375094413757324,0.0
2021-02-19,11.513628005981445,0.0
2021-02-22,11.675250053405762,0.0
2021-02-23,11.767603874206543,0.0
2021-02-24,12.098543167114258,0.0
2021-02-25,11.767603874206543,0.0
2021-02-26,11.313522338867188,0.0
2021-03-01,11.575196266174316,0.0
2021-03-02,11.613677978515625,0.0
2021-03-03,11.675250053405762,0.0
2021-03-04,12.075455665588379,0.0
2021-03-05,12.2139892578125,0.0
2021-03-08,12.483357429504395,0.0
2021-03-09,12.06006145477295,0.0
2021-03-10,12.498751640319824,0.0
2021-03-11,12.467965126037598,0.0
2021-03-12,12.583409309387207,0.0
2021-03-15,12.56801700592041,0.0
2021-03-16,12.252469062805176,0.0
2021-03-17,12.483357429504395,0.0
2021-03-18,12.129328727722168,0.0
2021-03-19,12.252469062805176,0.0
2021-03-22,12.144721984863281,0.0
2021-03-23,12.067761421203613,0.0
2021-03-24,12.460270881652832,0.0
2021-03-25,12.591106414794922,0.0
2021-03-26,12.929739952087402,0.0
2021-03-29,12.891261100769043,0.0
2021-03-30,12.791210174560547,0.0
2021-03-31,12.814298629760742,0.0
2021-04-01,12.960524559020996,0.0
2021-04-05,12.821993827819824,0.0
2021-04-06,12.85278034210205,0.0
2021-04-07,13.029791831970215,0.0
2021-04-08,12.95283031463623,0.0
2021-04-09,12.721943855285645,0.0
2021-04-12,12.698853492736816,0.0
2021-04-13,12.691157341003418,0.0
2021-04-14,12.814298629760742,0.0
2021-04-15,12.868172645568848,0.0
2021-04-16,12.72963809967041,0.0
2021-04-19,12.791210174560547,0.0
2021-04-20,12.737335205078125,0.0
2021-04-21,12.845081329345703,0.0
2021-04-22,12.591106414794922,0.0
2021-04-23,12.914348602294922,0.0
2021-04-26,13.014400482177734,0.0
2021-04-27,13.083667755126953,0.0
2021-04-28,13.4223051071167,0.0
2021-04-29,13.516114234924316,0.0
2021-04-30,13.328495025634766,0.0
2021-05-03,13.492660522460938,0.0
2021-05-04,13.422306060791016,0.0
2021-05-05,13.688092231750488,0.0
2021-05-06,13.797533988952637,0.0
2021-05-07,13.946063041687012,0.0
2021-05-10,14.266571998596191,0.0
2021-05-11,14.047686576843262,0.0
2021-05-12,14.149309158325195,0.0
2021-05-13,14.086773872375488,0.0
2021-05-14,14.352561950683594,0.0
2021-05-17,14.696521759033203,0.0
2021-05-18,14.626165390014648,0.0
2021-05-19,14.43855094909668,0.0
2021-05-20,14.618353843688965,0.0
2021-05-21,14.63398551940918,0.0
2021-05-24,14.719976425170898,0.0
2021-05-25,14.493274688720703,0.0
2021-05-26,14.344742774963379,0.0
2021-05-27,14.27439022064209,0.0
2021-05-28,14.336928367614746,0.0
2021-06-01,14.46982192993164,0.0
2021-06-02,14.67306900024414,0.0
2021-06-03,14.67306900024414,0.0
2021-06-04,14.680887222290039,0.0
2021-06-07,14.67306900024414,0.0
2021-06-08,14.696521759033203,0.0
2021-06-09,14.719976425170898,0.0
2021-06-10,14.852867126464844,0.0
2021-06-11,14.962310791015625,0.0
2021-06-14,14.727791786193848,0.0
2021-06-15,14.876319885253906,0.0
2021-06-16,14.73560905456543,0.0
2021-06-17,14.3134765625,0.0
2021-06-18,13.805349349975586,0.0
2021-06-21,14.297842979431152,0.0
2021-06-22,14.227481842041016,0.0
2021-06-23,14.141493797302246,0.0
2021-06-24,14.258750915527344,0.0
2021-06-25,14.297842979431152,0.0
2021-06-28,14.047686576843262,0.0
2021-06-29,13.953880310058594,0.0
2021-06-30,14.250938415527344,0.0
2021-07-01,14.407282829284668,0.0
2021-07-02,14.516725540161133,0.0
2021-07-06,14.415099143981934,0.0
2021-07-07,14.305658340454102,0.0
2021-07-08,14.204031944274902,0.0
2021-07-09,14.594897270202637,0.0
2021-07-12,14.477639198303223,0.0
2021-07-13,14.290023803710938,0.0
2021-07-14,14.016419410705566,0.0
2021-07-15,13.96169662475586,0.0
2021-07-16,13.789715766906738,0.0
2021-07-19,13.430120468139648,0.0
2021-07-20,13.656821250915527,0.0
2021-07-21,13.953880310058594,0.0
2021-07-22,13.656821250915527,0.0
2021-07-23,13.578649520874023,0.0
2021-07-26,13.938243865966797,0.0
2021-07-27,13.875707626342773,0.0
2021-07-28,13.891341209411621,0.0
2021-07-29,13.992964744567871,0.0
2021-07-30,13.794540405273438,0.0
2021-08-02,13.746918678283691,0.0
2021-08-03,13.873908996582031,0.0
2021-08-04,13.60405158996582,0.0
2021-08-05,13.508808135986328,0.0
2021-08-06,13.588177680969238,0.0
2021-08-09,13.524682998657227,0.0
2021-08-10,13.643738746643066,0.0
2021-08-11,13.68342113494873,0.0
2021-08-12,13.731043815612793,0.0
2021-08-13,13.659608840942383,0.0
2021-08-16,13.49293327331543,0.0
2021-08-17,13.294509887695312,0.0
2021-08-18,12.92940616607666,0.0
2021-08-19,12.611926078796387,0.0
2021-08-20,12.65160846710205,1.0
2021-08-23,12.921469688415527,1.0
2021-08-24,13.080207824707031,0.0
2021-08-25,13.072271347045898,0.0
2021-08-26,12.81035041809082,0.0
2021-08-27,13.167513847351074,0.0
2021-08-30,12.969091415405273,0.0
2021-08-31,12.913532257080078,0.0
2021-09-01,12.826224327087402,0.0
2021-09-02,13.032586097717285,0.0
2021-09-03,12.969091415405273,0.0
2021-09-07,12.826224327087402,0.0
2021-09-08,12.77066421508789,0.0
2021-09-09,12.683356285095215,0.0
2021-09-10,12.675421714782715,0.0
2021-09-13,12.81035041809082,0.0
2021-09-14,12.707170486450195,0.0
2021-09-15,13.000838279724121,0.0
2021-09-16,12.826224327087402,0.0
2021-09-17,12.66748332977295,0.0
2021-09-20,12.445247650146484,0.0
2021-09-21,12.524617195129395,0.0
2021-09-22,12.802411079406738,0.0
2021-09-23,13.088146209716797,0.0
2021-09-24,13.11989688873291,0.0
2021-09-27,13.477059364318848,0.0
2021-09-28,13.405624389648438,0.0
2021-09-29,13.429435729980469,0.0
2021-09-30,13.27863597869873,0.0
2021-10-01,13.421499252319336,0.0
2021-10-04,13.445313453674316,0.0
2021-10-05,13.429435729980469,0.0
2021-10-06,13.28657054901123,0.0
2021-10-07,13.445313453674316,0.0
2021-10-08,13.865972518920898,0.0
2021-10-11,14.08027172088623,0.0
2021-10-12,14.239013671875,0.0
2021-10-13,14.262824058532715,0.0
2021-10-14,14.58824348449707,0.0
2021-10-15,14.651740074157715,0.0
2021-10-18,14.659672737121582,0.0
2021-10-19,14.643802642822266,0.0
2021-10-20,14.802542686462402,0.0
2021-10-21,13.913596153259277,0.0
2021-10-22,14.024714469909668,0.0
2021-10-25,14.167579650878906,0.0
2021-10-26,13.985032081604004,0.0
2021-10-27,13.731043815612793,0.0
2021-10-28,13.770729064941406,0.0
2021-10-29,13.50466537475586,0.0
2021-11-01,13.746541976928711,0.0
2021-11-02,13.673977851867676,0.0
2021-11-03,13.585293769836426,0.0
2021-11-04,13.50466537475586,0.0
2021-11-05,13.66592025756836,0.0
2021-11-08,13.577230453491211,0.0
2021-11-09,13.56110668182373,0.0
2021-11-10,13.46435546875,0.0
2021-11-11,13.536917686462402,0.0
2021-11-12,13.448229789733887,0.0
2021-11-15,13.593354225158691,0.0
2021-11-16,13.43210506439209,0.0
2021-11-17,13.311166763305664,0.0
2021-11-18,13.125731468200684,0.0
2021-11-19,13.02898120880127,0.0
2021-11-22,12.988667488098145,0.0
2021-11-23,13.16604232788086,0.0
2021-11-24,13.319232940673828,0.0
2021-11-26,13.109603881835938,0.0
2021-11-29,12.908042907714844,0.0
2021-11-30,12.464606285095215,0.0
2021-12-01,12.311419486999512,1.0
2021-12-02,12.682292938232422,1.0
2021-12-03,12.569416999816895,0.0
2021-12-06,12.72260570526123,0.0
2021-12-07,13.085418701171875,0.0
2021-12-08,13.093480110168457,0.0
2021-12-09,12.908042907714844,0.0
2021-12-10,13.02898120880127,0.0
2021-12-13,12.84354305267334,0.0
2021-12-14,12.754855155944824,0.0
2021-12-15,12.795167922973633,0.0
2021-12-16,12.787105560302734,0.0
2021-12-17,12.577481269836426,0.0
2021-12-20,12.287232398986816,0.0
2021-12-21,12.6258544921875,0.0
2021-12-22,12.553293228149414,0.0
2021-12-23,12.609731674194336,0.0
2021-12-27,12.754855155944824,0.0
2021-12-28,12.787105560302734,0.0
2021-12-29,12.762917518615723,0.0
2021-12-30,12.73873233795166,0.0
2021-12-31,12.787105560302734,0.0
2022-01-03,13.182167053222656,0.0
2022-01-04,13.36760425567627,0.0
2022-01-05,13.440168380737305,0.0
2022-01-06,13.722354888916016,0.0
2022-01-07,13.923916816711426,0.0
2022-01-10,14.052916526794434,0.0
2022-01-11,14.198038101196289,0.0
2022-01-12,14.230291366577148,0.0
2022-01-13,14.165793418884277,0.0
2022-01-14,14.423789978027344,0.0
2022-01-18,14.270602226257324,0.0
2022-01-19,14.052916526794434,0.0
2022-01-20,14.052916526794434,0.0
2022-01-21,14.00454330444336,0.0
2022-01-24,13.964227676391602,0.0
2022-01-25,14.109353065490723,0.0
2022-01-26,14.125481605529785,0.0
2022-01-27,14.093226432800293,0.0
2022-01-28,14.085041999816895,0.0
2022-01-31,14.216063499450684,0.0
2022-02-01,14.257007598876953,0.0
2022-02-02,14.257007598876953,0.0
2022-02-03,14.142363548278809,0.0
2022-02-04,14.20787525177002,0.0
2022-02-07,14.29794979095459,0.0
2022-02-08,14.158740043640137,0.0
2022-02-09,14.22425365447998,0.0
2022-02-10,14.085041999816895,0.0
2022-02-11,14.363466262817383,0.0
2022-02-14,14.076852798461914,0.0
2022-02-15,13.929450035095215,0.0
2022-02-16,14.027714729309082,0.0
2022-02-17,13.724724769592285,0.0
2022-02-18,13.59370231628418,0.0
2022-02-22,13.54456615447998,0.0
2022-02-23,13.732916831970215,0.0
2022-02-24,13.651023864746094,0.0
2022-02-25,13.978583335876465,0.0
2022-02-28,14.248820304870605,0.0
2022-03-01,14.404411315917969,0.0
2022-03-02,14.854804039001465,0.0
2022-03-03,15.059528350830078,0.0
2022-03-04,15.428030014038086,0.0
2022-03-07,15.329765319824219,0.0
2022-03-08,15.288819313049316,0.0
2022-03-09,15.010396003723145,0.0
2022-03-10,15.190550804138184,0.0
2022-03-11,14.822049140930176,0.0
2022-03-14,14.363466262817383,0.0
2022-03-15,14.183308601379395,0.0
2022-03-16,14.125986099243164,0.0
2022-03-17,14.379840850830078,0.0
2022-03-18,14.216063499450684,0.0
2022-03-21,14.797479629516602,0.0
2022-03-22,14.68283462524414,0.0
2022-03-23,14.838424682617188,0.0
2022-03-24,14.985827445983887,0.0
2022-03-25,15.616375923156738,0.0
2022-03-28,15.354330062866211,0.0
2022-03-29,15.468975067138672,0.0
2022-03-30,15.6327543258667,0.0
2022-03-31,15.48535442352295,0.0
2022-04-01,15.739213943481445,0.0
2022-04-04,15.804725646972656,0.0
2022-04-05,15.493544578552246,0.0
2022-04-06,15.567242622375488,0.0
2022-04-07,15.780157089233398,0.0
2022-04-08,15.952125549316406,0.0
2022-04-11,15.77196979522705,0.0
2022-04-12,15.67370319366455,0.0
2022-04-13,15.796537399291992,0.0
2022-04-14,15.862045288085938,0.0
2022-04-18,16.009449005126953,0.0
2022-04-19,16.05039405822754,0.0
2022-04-20,16.189605712890625,0.0
2022-04-21,16.205984115600586,0.0
2022-04-22,15.681888580322266,0.0
2022-04-25,15.239684104919434,0.0
2022-04-26,15.100473403930664,0.0
2022-04-27,15.067719459533691,0.0
2022-04-28,15.403464317321777,0.0
2022-04-29,15.085955619812012,0.0
2022-05-02,15.11088752746582,0.0
2022-05-03,15.526482582092285,0.0
2022-05-04,16.025192260742188,0.0
2022-05-05,15.6677827835083,0.0
2022-05-06,16.04181671142578,0.0
2022-05-09,15.45998477935791,0.0
2022-05-10,15.3934965133667,0.0
2022-05-11,15.3934965133667,0.0
2022-05-12,15.318684577941895,0.0
2022-05-13,15.576353073120117,0.0
2022-05-16,16.11661720275879,0.0
2022-05-17,16.40753173828125,0.0
2022-05-18,16.04181671142578,0.0
2022-05-19,15.809080123901367,0.0
2022-05-20,15.817395210266113,0.0
2022-05-23,15.925444602966309,0.0
2022-05-24,15.908821105957031,0.0
2022-05-25,16.11661720275879,0.0
2022-05-26,16.30779457092285,0.0
2022-05-27,16.573768615722656,0.0
2022-05-31,16.36597442626953,0.0
2022-06-01,16.6402645111084,0.0
2022-06-02,16.590391159057617,0.0
2022-06-03,16.565458297729492,0.0
2022-06-06,16.449094772338867,0.0
2022-06-07,16.740005493164062,0.0
2022-06-08,16.50727653503418,0.0
2022-06-09,16.03350257873535,0.0
2022-06-10,15.817395210266113,0.0
2022-06-13,15.069329261779785,0.0
2022-06-14,14.86984634399414,0.0
2022-06-15,14.628805160522461,0.0
2022-06-16,13.880739212036133,0.0
2022-06-17,13.340473175048828,1.0
2022-06-21,13.839179992675781,1.0
2022-06-22,13.581515312194824,0.0
2022-06-23,13.498395919799805,1.0
2022-06-24,13.69787883758545,1.0
2022-06-27,13.988792419433594,0.0
2022-06-28,14.296333312988281,0.0
2022-06-29,14.063600540161133,0.0
2022-06-30,13.930611610412598,0.0
2022-07-01,14.113470077514648,0.0
2022-07-05,13.780998229980469,0.0
2022-07-06,13.598139762878418,0.0
2022-07-07,14.03866195678711,0.0
2022-07-08,14.105157852172852,0.0
2022-07-11,14.0137300491333,0.0
2022-07-12,13.839179992675781,0.0
2022-07-13,13.797622680664062,0.0
2022-07-14,13.780998229980469,0.0
2022-07-15,13.930611610412598,0.0
2022-07-18,14.071910858154297,0.0
2022-07-19,14.3877592086792,0.0
2022-07-20,14.396071434020996,0.0
2022-07-21,14.678674697875977,0.0
2022-07-22,14.67036247253418,0.0
2022-07-25,14.977900505065918,0.0
2022-07-26,14.961278915405273,0.0
2022-07-27,15.01114559173584,0.0
2022-07-28,14.994524002075195,0.0
2022-07-29,15.18699836730957,0.0
2022-08-01,15.111024856567383,0.0
2022-08-02,15.051928520202637,0.0
2022-08-03,15.035045623779297,0.0
2022-08-04,14.604507446289062,0.0
2022-08-05,14.74802017211914,0.0
2022-08-08,14.925299644470215,0.0
2022-08-09,15.22921085357666,0.0
2022-08-10,15.313631057739258,0.0
2022-08-11,15.693511962890625,0.0
2022-08-12,15.777932167053223,0.0
2022-08-15,15.676630020141602,0.0
2022-08-16,15.744163513183594,0.0
2022-08-17,15.676630020141602,0.0
2022-08-18,15.980537414550781,0.0
2022-08-19,15.803260803222656,0.0
2022-08-22,15.66818618774414,0.0
2022-08-23,15.946769714355469,0.0
2022-08-24,16.20846939086914,0.0
2022-08-25,16.259124755859375,0.0
2022-08-26,16.031185150146484,0.0
2022-08-29,15.988982200622559,0.0
2022-08-30,15.600656509399414,0.0
2022-08-31,15.465582847595215,0.0
2022-09-01,15.338953971862793,0.0
2022-09-02,15.381162643432617,0.0
2022-09-06,15.001279830932617,0.0
2022-09-07,15.068815231323242,0.0
2022-09-08,15.220767974853516,0.0
2022-09-09,15.457139015197754,0.0
2022-09-12,15.820144653320312,0.0
2022-09-13,15.338953971862793,0.0
2022-09-14,15.642861366271973,0.0
2022-09-15,15.47402286529541,0.0
2022-09-16,15.068815231323242,0.0
2022-09-19,15.237650871276855,0.0
2022-09-20,15.111024856567383,0.0
2022-09-21,14.790231704711914,0.0
2022-09-22,14.621389389038086,0.0
2022-09-23,13.954480171203613,0.0
2022-09-26,13.583036422729492,0.0
2022-09-27,13.78564167022705,1.0
2022-09-28,14.216177940368652,0.0
2022-09-29,14.114874839782715,0.0
2022-09-30,14.04733943939209,0.0
2022-10-03,14.435667991638184,0.0
2022-10-04,14.91685962677002,0.0
2022-10-05,14.942183494567871,0.0
2022-10-06,14.680484771728516,0.0
2022-10-07,14.553854942321777,0.0
2022-10-10,14.410341262817383,0.0
2022-10-11,14.486320495605469,0.0
2022-10-12,14.393458366394043,0.0
2022-10-13,14.891531944274902,0.0
2022-10-14,14.511646270751953,0.0
2022-10-17,14.773344039916992,0.0
2022-10-18,15.001279830932617,0.0
2022-10-19,15.18699836730957,0.0
2022-10-20,14.452553749084473,0.0
2022-10-21,14.790231704711914,0.0
2022-10-24,14.587625503540039,0.0
2022-10-25,14.78178596496582,0.0
2022-10-26,14.967511177062988,0.0
2022-10-27,15.18699836730957,0.0
2022-10-28,15.236733436584473,0.0
2022-10-31,15.536836624145508,0.0
2022-11-01,15.639729499816895,0.0
2022-11-02,15.348200798034668,0.0
2022-11-03,15.468242645263672,0.0
2022-11-04,15.579708099365234,0.0
2022-11-07,15.64830207824707,0.0
2022-11-08,15.699748039245605,0.0
2022-11-09,15.073819160461426,0.0
2022-11-10,15.60543155670166,0.0
2022-11-11,16.025575637817383,0.0
2022-11-14,15.888384819030762,0.0
2022-11-15,15.99985408782959,0.0
2022-11-16,15.785491943359375,0.0
2022-11-17,15.691173553466797,0.0
2022-11-18,15.79407024383545,0.0
2022-11-21,15.674028396606445,0.0
2022-11-22,16.051301956176758,0.0
2022-11-23,15.991277694702148,0.0
2022-11-25,15.974126815795898,0.0
2022-11-28,15.828363418579102,0.0
2022-11-29,16.18848991394043,0.0
2022-11-30,16.39427947998047,0.0
2022-12-01,16.420000076293945,0.0
2022-12-02,16.2913818359375,0.0
2022-12-05,15.914107322692871,0.0
2022-12-06,15.519689559936523,0.0
2022-12-07,15.468242645263672,0.0
2022-12-08,15.236733436584473,0.0
2022-12-09,14.962349891662598,0.0
2022-12-12,15.27960205078125,0.0
2022-12-13,15.614002227783203,0.0
2022-12-14,15.528261184692383,0.0
2022-12-15,15.39964485168457,0.0
2022-12-16,15.168133735656738,0.0
2022-12-19,15.013794898986816,0.0
2022-12-20,15.099542617797852,0.0
2022-12-21,15.331046104431152,0.0
2022-12-22,15.21100902557373,0.0
2022-12-23,15.553987503051758,0.0
2022-12-27,15.656874656677246,0.0
2022-12-28,15.373921394348145,0.0
2022-12-29,15.562556266784668,0.0
2022-12-30,15.50253677368164,0.0
2023-01-03,15.44251823425293,0.0
2023-01-04,15.631155014038086,0.0
2023-01-05,15.614002227783203,0.0
2023-01-06,15.931260108947754,0.0
2023-01-09,16.042726516723633,0.0
2023-01-10,16.068450927734375,0.0
2023-01-11,16.102746963500977,0.0
2023-01-12,16.197063446044922,0.0
2023-01-13,16.16276741027832,0.0
2023-01-17,16.137042999267578,0.0
2023-01-18,15.742623329162598,0.0
2023-01-19,16.077022552490234,0.0
2023-01-20,15.98270320892334,0.0
2023-01-23,16.08559799194336,0.0
2023-01-24,15.922683715820312,0.0
2023-01-25,15.81978988647461,0.0
2023-01-26,15.956981658935547,0.0
2023-01-27,15.99985408782959,0.0
2023-01-30,15.70217514038086,0.0
2023-01-31,15.928481101989746,0.0
2023-02-01,15.989411354064941,0.0
2023-02-02,16.059043884277344,0.0
2023-02-03,15.911072731018066,0.0
2023-02-06,15.815328598022461,0.0
2023-02-07,15.911072731018066,0.0
2023-02-08,15.858846664428711,0.0
2023-02-09,15.65865421295166,0.0
2023-02-10,15.980705261230469,0.0
2023-02-13,16.006816864013672,0.0
2023-02-14,15.937183380126953,0.0
2023-02-15,15.83273696899414,0.0
2023-02-16,15.745696067810059,0.0
2023-02-17,15.432347297668457,0.0
2023-02-21,15.101593971252441,0.0
2023-02-22,15.075479507446289,0.0
2023-02-23,15.214744567871094,0.0
2023-02-24,15.179930686950684,0.0
2023-02-27,15.110297203063965,0.0
2023-02-28,14.849173545837402,0.0
2023-03-01,15.02325439453125,0.0
2023-03-02,15.197335243225098,0.0
2023-03-03,15.362712860107422,0.0
2023-03-06,15.336603164672852,0.0
2023-03-07,15.101593971252441,0.0
2023-03-08,15.075479507446289,0.0
2023-03-09,14.918806076049805,0.0
2023-03-10,14.596755981445312,0.0
2023-03-13,14.666387557983398,0.0
2023-03-14,14.744723320007324,0.0
2023-03-15,14.431377410888672,0.0
2023-03-16,14.40526294708252,0.0
2023-03-17,14.170255661010742,0.0
2023-03-20,14.387857437133789,1.0
2023-03-21,14.640274047851562,0.0
2023-03-22,14.466196060180664,0.0
2023-03-23,14.265998840332031,0.0
2023-03-24,14.614164352416992,0.0
2023-03-27,14.701203346252441,0.0
2023-03-28,14.849173545837402,0.0
2023-03-29,15.014552116394043,0.0
2023-03-30,15.058070182800293,0.0
2023-03-31,15.240856170654297,0.0
2023-04-03,15.371420860290527,0.0
2023-04-04,15.214744567871094,0.0
2023-04-05,15.41494083404541,0.0
2023-04-06,15.41494083404541,0.0
2023-04-10,15.449756622314453,0.0
2023-04-11,15.571611404418945,0.0
2023-04-12,15.510685920715332,0.0
2023-04-13,15.467164039611816,0.0
2023-04-14,15.50197982788086,0.0
2023-04-17,15.47586727142334,0.0
2023-04-18,15.406233787536621,0.0
2023-04-19,15.319194793701172,0.0
2023-04-20,15.101593971252441,0.0
2023-04-21,15.119001388549805,0.0
2023-04-24,15.336603164672852,0.0
2023-04-25,15.153815269470215,0.0
2023-04-26,14.979734420776367,0.0
2023-04-27,15.075479507446289,0.0
2023-04-28,15.175468444824219,0.0
2023-05-01,15.1312255859375,0.0
2023-05-02,14.75958251953125,0.0
2023-05-03,14.653395652770996,0.0
2023-05-04,14.724186897277832,0.0
2023-05-05,15.078137397766113,0.0
2023-05-08,14.954253196716309,0.0
2023-05-09,14.910009384155273,0.0
2023-05-10,14.856919288635254,0.0
2023-05-11,14.7772798538208,0.0
2023-05-12,14.865765571594238,0.0
2023-05-15,14.7772798538208,0.0
2023-05-16,14.423331260681152,0.0
2023-05-17,14.556063652038574,0.0
2023-05-18,14.61800479888916,0.0
2023-05-19,14.61800479888916,0.0
2023-05-22,14.626852035522461,0.0
2023-05-23,14.635700225830078,0.0
2023-05-24,14.60030460357666,0.0
2023-05-25,14.35254192352295,0.0
2023-05-26,14.343694686889648,0.0
2023-05-30,14.290602684020996,0.0
2023-05-31,14.255208015441895,0.0
2023-06-01,14.387938499450684,0.0
2023-06-02,14.82151985168457,0.0
2023-06-05,14.83037281036377,0.0
2023-06-06,14.910009384155273,0.0
2023-06-07,15.246257781982422,0.0
2023-06-08,15.325896263122559,0.0
2023-06-09,15.069284439086914,0.0
2023-06-12,14.945403099060059,0.0
2023-06-13,15.069284439086914,0.0
2023-06-14,14.954253196716309,0.0
2023-06-15,15.051589012145996,0.0
2023-06-16,15.078137397766113,0.0
2023-06-20,14.7418851852417,0.0
2023-06-21,14.724186897277832,0.0
2023-06-22,14.59145736694336,0.0
2023-06-23,14.44102954864502,0.0
2023-06-26,14.635700225830078,0.0
2023-06-27,14.865765571594238,0.0
2023-06-28,15.051589012145996,0.0
2023-06-29,15.219714164733887,0.0
2023-06-30,15.237407684326172,0.0
2023-07-03,15.263957977294922,0.0
2023-07-05,15.113527297973633,0.0
2023-07-06,14.91885757446289,0.0
2023-07-07,14.971949577331543,0.0
2023-07-10,14.998498916625977,0.0
2023-07-11,15.263957977294922,0.0
2023-07-12,15.520566940307617,0.0
2023-07-13,15.573660850524902,0.0
2023-07-14,15.228560447692871,0.0
2023-07-17,15.157770156860352,0.0
2023-07-18,15.290505409240723,0.0
2023-07-19,15.299352645874023,0.0
2023-07-20,15.609053611755371,0.0
2023-07-21,15.750631332397461,0.0
2023-07-24,16.024940490722656,0.0
2023-07-25,15.980697631835938,0.0
2023-07-26,15.883363723754883,0.0
2023-07-27,15.750631332397461,0.0
2023-07-28,15.798286437988281,0.0
2023-07-31,15.924171447753906,0.0
2023-08-01,15.789297103881836,0.0
2023-08-02,15.609467506408691,0.0
2023-08-03,15.699378967285156,0.0
2023-08-04,15.609467506408691,0.0
2023-08-07,15.627447128295898,0.0
2023-08-08,15.717363357543945,0.0
2023-08-09,15.780303955078125,0.0
2023-08-10,15.771312713623047,0.0
2023-08-11,15.987112998962402,0.0
2023-08-14,15.888204574584961,0.0
2023-08-15,15.609467506408691,0.0
2023-08-16,15.474588394165039,0.0
2023-08-17,15.591482162475586,0.0
2023-08-18,15.672408103942871,0.0
2023-08-21,15.609467506408691,0.0
2023-08-22,15.51055908203125,0.0
2023-08-23,15.519548416137695,0.0
2023-08-24,15.492572784423828,0.0
2023-08-25,15.591482162475586,0.0
2023-08-28,15.609467506408691,0.0
2023-08-29,15.690387725830078,0.0
2023-08-30,15.68139934539795,0.0
2023-08-31,15.483577728271484,0.0
2023-09-01,15.41164779663086,0.0
2023-09-05,15.348705291748047,0.0
2023-09-06,14.953076362609863,0.0
2023-09-07,14.917108535766602,0.0
2023-09-08,15.105932235717773,0.0
2023-09-11,14.989043235778809,0.0
2023-09-12,15.402654647827148,0.0
2023-09-13,15.429632186889648,0.0
2023-09-14,15.564504623413086,0.0
2023-09-15,15.348705291748047,0.0
2023-09-18,15.303750991821289,0.0
2023-09-19,15.222824096679688,0.0
2023-09-20,15.159883499145508,0.0
2023-09-21,14.890131950378418,0.0
2023-09-22,14.926101684570312,0.0
2023-09-25,15.060973167419434,0.0
2023-09-26,14.809210777282715,0.0
2023-09-27,14.980051040649414,0.0
2023-09-28,14.989043235778809,0.0
2023-09-29,14.908117294311523,0.0
2023-10-02,14.53046989440918,0.0
2023-10-03,14.476520538330078,0.0
2023-10-04,14.413578033447266,0.0
2023-10-05,14.53046989440918,0.0
2023-10-06,14.62038516998291,0.0
2023-10-09,15.069969177246094,0.0
2023-10-10,15.123915672302246,0.0
2023-10-11,15.15089225769043,0.0
2023-10-12,15.204841613769531,0.0
2023-10-13,15.384674072265625,0.0
2023-10-16,15.5375337600708,0.0
2023-10-17,15.582491874694824,0.0
2023-10-18,15.41164779663086,0.0
2023-10-19,15.294759750366211,0.0
2023-10-20,15.276774406433105,0.0
2023-10-23,15.267782211303711,0.0
2023-10-24,15.15089225769043,0.0
2023-10-25,15.096942901611328,0.0
2023-10-26,15.016016960144043,0.0
2023-10-27,14.719293594360352,0.0
2023-10-30,14.758636474609375,0.0
2023-10-31,14.822688102722168,0.0
2023-11-01,14.959932327270508,0.0
2023-11-02,15.463172912597656,0.0
2023-11-03,15.435724258422852,0.0
2023-11-06,15.252727508544922,0.0
2023-11-07,15.142926216125488,0.0
2023-11-08,14.950782775878906,0.0
2023-11-09,14.831835746765137,0.0
2023-11-10,15.042283058166504,0.0
2023-11-13,15.11548137664795,0.0
2023-11-14,15.371673583984375,0.0
2023-11-15,15.48147201538086,0.0
2023-11-16,15.389972686767578,0.0
2023-11-17,15.518073081970215,0.0
2023-11-20,15.499772071838379,0.0
2023-11-21,15.664468765258789,0.0
2023-11-22,15.82001781463623,0.0
2023-11-24,15.87491512298584,0.0
2023-11-27,15.838313102722168,0.0
2023-11-28,15.82001781463623,0.0
2023-11-29,15.847463607788086,0.0
2023-11-30,16.076210021972656,0.0
2023-12-01,16.240907669067383,0.0
2023-12-04,16.33240509033203,0.0
2023-12-05,16.01215934753418,0.0
2023-12-06,16.039609909057617,0.0
2023-12-07,16.01215934753418,0.0
2023-12-08,16.19515609741211,0.0
2023-12-11,16.076210021972656,0.0
2023-12-12,15.755963325500488,0.0
2023-12-13,15.993861198425293,0.0
2023-12-14,16.186006546020508,0.0
2023-12-15,16.003009796142578,0.0
2023-12-18,16.076210021972656,0.0
2023-12-19,16.1402587890625,0.0
2023-12-20,16.01215934753418,0.0
2023-12-21,16.1402587890625,0.0
2023-12-22,16.213457107543945,0.0
2023-12-26,16.33240509033203,0.0
2023-12-27,16.25920867919922,0.0
2023-12-28,16.186006546020508,0.0
2023-12-29,16.1402587890625,0.0
2024-01-02,16.314105987548828,0.0
2024-01-03,16.515399932861328,0.0
2024-01-04,16.42390251159668,0.0
2024-01-05,16.487951278686523,0.0
2024-01-08,16.57029914855957,0.0
2024-01-09,16.515399932861328,0.0
2024-01-10,16.42390251159668,0.0
2024-01-11,16.323251724243164,0.0
2024-01-12,16.442203521728516,0.0
2024-01-16,16.304954528808594,0.0
2024-01-17,16.067058563232422,0.0
2024-01-18,15.838313102722168,0.0
2024-01-19,15.737668991088867,0.0
2024-01-22,15.701067924499512,0.0
2024-01-23,15.62786865234375,0.0
2024-01-24,15.454022407531738,0.0
2024-01-25,15.85661792755127,0.0
2024-01-26,15.95726490020752,0.0
2024-01-29,15.893214225769043,0.0
2024-01-30,16.007617950439453,0.0
2024-01-31,15.73788070678711,0.0
2024-02-01,15.84019660949707,0.0
2024-02-02,15.7750883102417,0.0
2024-02-05,15.50534725189209,0.0
2024-02-06,15.523950576782227,0.0
2024-02-07,15.486742973327637,0.0
2024-02-08,15.46814250946045,0.0
2024-02-09,15.449541091918945,0.0
2024-02-12,15.60766315460205,0.0
2024-02-13,15.412334442138672,0.0
2024-02-14,15.412334442138672,0.0
2024-02-15,15.784387588500977,0.0
2024-02-16,15.914607048034668,0.0
2024-02-20,15.8681001663208,0.0
2024-02-21,16.20294952392578,0.0
2024-02-22,16.054126739501953,0.0
2024-02-23,16.04482650756836,0.0
2024-02-26,15.933206558227539,0.0
2024-02-27,15.970415115356445,0.0
2024-02-28,15.951811790466309,0.0
2024-02-29,16.175045013427734,0.0
2024-03-01,16.240150451660156,0.0
2024-03-04,16.34246826171875,0.0
2024-03-05,16.48198890686035,0.0
2024-03-06,16.575002670288086,0.0
2024-03-07,16.621509552001953,0.0
2024-03-08,16.584304809570312,0.0
2024-03-11,16.714523315429688,0.0
2024-03-12,16.686616897583008,0.0
2024-03-13,16.640108108520508,0.0
2024-03-14,16.333166122436523,0.0
2024-03-15,16.370372772216797,0.0
2024-03-18,16.40757942199707,0.0
2024-03-19,16.677318572998047,0.0
2024-03-20,16.77033042907715,0.0
2024-03-21,16.844741821289062,0.0
2024-03-22,16.798234939575195,0.0
2024-03-25,16.714523315429688,0.0
2024-03-26,16.658716201782227,0.0
2024-03-27,16.881946563720703,0.0
2024-03-28,17.058671951293945,0.0
2024-04-01,17.123783111572266,0.0
2024-04-02,17.13308334350586,0.0
2024-04-03,17.253999710083008,0.0
2024-04-04,17.142383575439453,0.0
2024-04-05,17.170286178588867,0.0
2024-04-08,17.0772762298584,0.0
2024-04-09,17.188892364501953,0.0
2024-04-10,16.993560791015625,0.0
2024-04-11,17.067974090576172,0.0
2024-04-12,16.863344192504883,0.0
2024-04-15,16.714523315429688,0.0
2024-04-16,16.454084396362305,0.0
2024-04-17,16.519195556640625,0.0
2024-04-18,16.937753677368164,0.0
2024-04-19,17.523738861083984,0.0
2024-04-22,17.505138397216797,0.0
2024-04-23,17.449331283569336,0.0
2024-04-24,17.49583625793457,0.0
2024-04-25,17.486534118652344,0.0
2024-04-26,17.37491798400879,0.0
2024-04-29,17.571414947509766,0.0
2024-04-30,17.269113540649414,0.0
2024-05-01,17.221878051757812,0.0
2024-05-02,17.43915557861328,0.0
2024-05-03,17.543075561523438,0.0
2024-05-06,17.580862045288086,0.0
2024-05-07,17.73201560974121,0.0
2024-05-08,17.769804000854492,0.0
2024-05-09,17.958742141723633,0.0
2024-05-10,18.024871826171875,0.0
2024-05-13,18.090999603271484,0.0
2024-05-14,18.33662223815918,0.0
2024-05-15,18.459436416625977,0.0
2024-05-16,18.516117095947266,0.0
2024-05-17,18.610586166381836,0.0
2024-05-20,18.74284553527832,0.0
2024-05-21,18.648372650146484,0.0
2024-05-22,18.31772804260254,0.0
2024-05-23,18.024871826171875,0.0
2024-05-24,18.015424728393555,0.0
2024-05-28,18.015424728393555,0.0
2024-05-29,17.864273071289062,0.0
2024-05-30,17.949295043945312,0.0
2024-05-31,18.412199020385742,0.0
2024-06-03,18.421646118164062,0.0
2024-06-04,18.572797775268555,0.0
2024-06-05,18.69561195373535,0.0
2024-06-06,18.71450424194336,0.0
2024-06-07,18.53501319885254,0.0
2024-06-10,18.705055236816406,0.0
2024-06-11,18.69561195373535,0.0
2024-06-12,18.780630111694336,0.0
2024-06-13,18.667266845703125,0.0
2024-06-14,18.506668090820312,0.0
2024-06-17,18.582244873046875,0.0
2024-06-18,18.648372650146484,0.0
2024-06-20,18.705055236816406,0.0
2024-06-21,18.620033264160156,0.0
2024-06-24,18.997913360595703,0.0
2024-06-25,18.988466262817383,0.0
2024-06-26,18.648372650146484,0.0
2024-06-27,18.667266845703125,0.0
2024-06-28,18.77118682861328,0.0
2024-07-01,18.69561195373535,0.0
2024-07-02,18.629478454589844,0.0
2024-07-03,18.856204986572266,0.0
2024-07-05,18.790077209472656,0.0
2024-07-08,18.80897331237793,0.0
2024-07-09,18.88454818725586,0.0
2024-07-10,18.988466262817383,0.0
2024-07-11,19.045148849487305,0.0
2024-07-12,19.0734920501709,0.0
2024-07-15,19.054595947265625,0.0
2024-07-16,19.120725631713867,0.0
2024-07-17,19.39468765258789,0.0
2024-07-18,19.88593101501465,0.0
2024-07-19,20.301597595214844,0.0
2024-07-22,20.64168930053711,0.0
2024-07-23,20.42441177368164,0.0
2024-07-24,19.88593101501465,0.0
2024-07-25,19.904823303222656,0.0
2024-07-26,20.188236236572266,0.0
2024-07-29,20.112659454345703,0.0
2024-07-30,20.51888084411621,0.0
2024-07-31,20.229745864868164,0.0
2024-08-01,20.17230224609375,0.0
2024-08-02,19.798919677734375,0.0
2024-08-05,19.224483489990234,0.0
2024-08-06,19.779769897460938,0.0
2024-08-07,19.91380500793457,0.0
2024-08-08,20.17230224609375,0.0
2024-08-09,20.124433517456055,0.0
2024-08-12,20.0286922454834,0.0
2024-08-13,20.0286922454834,0.0
2024-08-14,20.06698989868164,0.0
2024-08-15,20.21059799194336,0.0
2024-08-16,20.18187713623047,0.0
2024-08-19,20.449947357177734,0.0
2024-08-20,20.13400650024414,0.0
2024-08-21,20.076562881469727,0.0
2024-08-22,20.10528564453125,0.0
2024-08-23,20.373355865478516,0.0
2024-08-26,20.50739097595215,0.0
2024-08-27,20.478666305541992,0.0
2024-08-28,20.421226501464844,0.0
2024-08-29,20.50739097595215,0.0
2024-08-30,20.6510009765625,0.0
2024-09-03,20.64142608642578,0.0
2024-09-04,20.497817993164062,0.0
2024-09-05,20.56483268737793,0.0
2024-09-06,20.229745864868164,0.0
2024-09-09,20.22017478942871,0.0
2024-09-10,20.22017478942871,0.0
2024-09-11,19.942529678344727,0.0
2024-09-12,20.047842025756836,0.0
2024-09-13,20.23931884765625,0.0
2024-09-16,20.55525779724121,0.0
2024-09-17,20.64142608642578,0.0
2024-09-18,20.689294815063477,0.0
2024-09-19,20.670148849487305,0.0
2024-09-20,20.86162757873535,0.0
2024-09-23,21.235010147094727,0.0
2024-09-24,21.273305892944336,0.0
2024-09-25,21.148845672607422,0.0
2024-09-26,20.756311416625977,0.0
2024-09-27,20.86162757873535,0.0
2024-09-30,21.148845672607422,0.0
2024-10-01,21.62754249572754,0.0
2024-10-02,21.962629318237305,0.0
2024-10-03,22.355161666870117,0.0
2024-10-04,22.61366081237793,0.0
2024-10-07,22.575363159179688,0.0
2024-10-08,22.326440811157227,0.0
2024-10-09,22.479623794555664,0.0
2024-10-10,22.709396362304688,0.0
2024-10-11,23.64764404296875,0.0
2024-10-14,23.81997299194336,0.0
2024-10-15,23.705089569091797,0.0
2024-10-16,23.86784553527832,0.0
2024-10-17,23.76253318786621,0.0
2024-10-18,23.886995315551758,0.0
2024-10-21,23.685941696166992,0.0
2024-10-22,23.752958297729492,0.0
2024-10-23,23.714662551879883,0.0
2024-10-24,23.925289154052734,0.0
2024-10-25,23.886995315551758,0.0
2024-10-28,23.743383407592773,0.0
2024-10-29,23.580625534057617,0.0
2024-10-30,23.781679153442383,0.0
2024-10-31,23.740997314453125,0.0
2024-11-01,23.421350479125977,0.0
2024-11-04,23.721622467041016,0.0
2024-11-05,23.934720993041992,0.0
2024-11-06,25.52326774597168,0.0
2024-11-07,25.581382751464844,0.0
2024-11-08,26.036638259887695,0.0
2024-11-11,26.41440200805664,0.0
2024-11-12,26.327226638793945,0.0
2024-11-13,25.959148406982422,0.0
2024-11-14,25.92040252685547,0.0
2024-11-15,26.41440200805664,0.0
2024-11-18,26.908401489257812,0.0
2024-11-19,27.19898796081543,0.0
2024-11-20,27.121498107910156,0.0
2024-11-21,27.644556045532227,0.0
2024-11-22,27.59612274169922,0.0
2024-11-25,26.97620391845703,0.0
2024-11-26,27.20867347717285,0.0
2024-11-27,27.189300537109375,0.0
2024-11-29,27.383028030395508,0.0
2024-12-02,26.57906723022461,0.0
2024-12-03,26.559696197509766,0.0
2024-12-04,26.530637741088867,0.0
2024-12-05,27.092439651489258,0.0
2024-12-06,26.89871597290039,0.0
2024-12-09,26.249736785888672,0.0
2024-12-10,26.046323776245117,0.0
2024-12-11,26.104442596435547,0.0
2024-12-12,26.05600929260254,0.0
2024-12-13,26.036638259887695,0.0
2024-12-16,25.7266788482666,0.0
2024-12-17,25.775110244750977,0.0
2024-12-18,25.019580841064453,0.0
2024-12-19,25.416717529296875,0.0
2024-12-20,26.007579803466797,0.0
2024-12-23,26.201303482055664,0.0
2024-12-24,26.472518920898438,0.0
2024-12-26,26.395029067993164,0.0
2024-12-27,26.327226638793945,0.0
2024-12-30,26.501577377319336,0.0
2024-12-31,26.54032325744629,0.0
